geslacht,generatie,leeftijd,participatie
vrouw,1906-1910,16,
vrouw,1911-1915,16,
vrouw,1916-1920,16,
vrouw,1921-1925,16,
vrouw,1926-1930,16,
vrouw,1931-1935,16,
vrouw,1936-1940,16,
vrouw,1941-1945,16,
vrouw,1946-1950,16,
vrouw,1951-1955,16,38.3
vrouw,1956-1960,16,27
vrouw,1961-1965,16,6.5
vrouw,1966-1970,16,2.7
vrouw,1971-1975,16,6.5
vrouw,1976-1980,16,6.2
vrouw,1981-1985,16,11.1
vrouw,1986-1990,16,9.9
man,1906-1910,16,
man,1911-1915,16,
man,1916-1920,16,
man,1921-1925,16,
man,1926-1930,16,
man,1931-1935,16,
man,1936-1940,16,
man,1941-1945,16,
man,1946-1950,16,
man,1951-1955,16,27.7
man,1956-1960,16,19.9
man,1961-1965,16,7
man,1966-1970,16,2.7
man,1971-1975,16,8.4
man,1976-1980,16,8.3
man,1981-1985,16,12.4
man,1986-1990,16,11.5
vrouw,1906-1910,17,
vrouw,1911-1915,17,
vrouw,1916-1920,17,
vrouw,1921-1925,17,
vrouw,1926-1930,17,
vrouw,1931-1935,17,
vrouw,1936-1940,17,
vrouw,1941-1945,17,
vrouw,1946-1950,17,
vrouw,1951-1955,17,54.3
vrouw,1956-1960,17,41.2
vrouw,1961-1965,17,18.9
vrouw,1966-1970,17,13
vrouw,1971-1975,17,13.6
vrouw,1976-1980,17,12.4
vrouw,1981-1985,17,19.9
vrouw,1986-1990,17,18.1
man,1906-1910,17,
man,1911-1915,17,
man,1916-1920,17,
man,1921-1925,17,
man,1926-1930,17,
man,1931-1935,17,
man,1936-1940,17,
man,1941-1945,17,
man,1946-1950,17,
man,1951-1955,17,45.5
man,1956-1960,17,33.8
man,1961-1965,17,19.7
man,1966-1970,17,13.6
man,1971-1975,17,17.4
man,1976-1980,17,17.7
man,1981-1985,17,27.3
man,1986-1990,17,23.4
vrouw,1906-1910,18,
vrouw,1911-1915,18,
vrouw,1916-1920,18,
vrouw,1921-1925,18,
vrouw,1926-1930,18,
vrouw,1931-1935,18,
vrouw,1936-1940,18,
vrouw,1941-1945,18,
vrouw,1946-1950,18,
vrouw,1951-1955,18,63.8
vrouw,1956-1960,18,53.7
vrouw,1961-1965,18,33.3
vrouw,1966-1970,18,25.3
vrouw,1971-1975,18,22.9
vrouw,1976-1980,18,22.7
vrouw,1981-1985,18,31.6
vrouw,1986-1990,18,27
man,1906-1910,18,
man,1911-1915,18,
man,1916-1920,18,
man,1921-1925,18,
man,1926-1930,18,
man,1931-1935,18,
man,1936-1940,18,
man,1941-1945,18,
man,1946-1950,18,
man,1951-1955,18,57.3
man,1956-1960,18,45.1
man,1961-1965,18,32.8
man,1966-1970,18,28.9
man,1971-1975,18,28.1
man,1976-1980,18,29.6
man,1981-1985,18,38.7
man,1986-1990,18,34.3
vrouw,1906-1910,19,
vrouw,1911-1915,19,
vrouw,1916-1920,19,
vrouw,1921-1925,19,
vrouw,1926-1930,19,
vrouw,1931-1935,19,
vrouw,1936-1940,19,
vrouw,1941-1945,19,
vrouw,1946-1950,19,
vrouw,1951-1955,19,67.7
vrouw,1956-1960,19,59.8
vrouw,1961-1965,19,49
vrouw,1966-1970,19,38.1
vrouw,1971-1975,19,34.4
vrouw,1976-1980,19,32.9
vrouw,1981-1985,19,38
vrouw,1986-1990,19,35
man,1906-1910,19,
man,1911-1915,19,
man,1916-1920,19,
man,1921-1925,19,
man,1926-1930,19,
man,1931-1935,19,
man,1936-1940,19,
man,1941-1945,19,
man,1946-1950,19,
man,1951-1955,19,66
man,1956-1960,19,50.8
man,1961-1965,19,44.3
man,1966-1970,19,39.7
man,1971-1975,19,36.9
man,1976-1980,19,40.9
man,1981-1985,19,46.2
man,1986-1990,19,42
vrouw,1906-1910,20,
vrouw,1911-1915,20,
vrouw,1916-1920,20,
vrouw,1921-1925,20,
vrouw,1926-1930,20,
vrouw,1931-1935,20,
vrouw,1936-1940,20,
vrouw,1941-1945,20,
vrouw,1946-1950,20,
vrouw,1951-1955,20,65.4
vrouw,1956-1960,20,63.5
vrouw,1961-1965,20,56.2
vrouw,1966-1970,20,51
vrouw,1971-1975,20,44.1
vrouw,1976-1980,20,47.7
vrouw,1981-1985,20,44.3
vrouw,1986-1990,20,42.8
man,1906-1910,20,
man,1911-1915,20,
man,1916-1920,20,
man,1921-1925,20,
man,1926-1930,20,
man,1931-1935,20,
man,1936-1940,20,
man,1941-1945,20,
man,1946-1950,20,
man,1951-1955,20,68
man,1956-1960,20,54.8
man,1961-1965,20,49.4
man,1966-1970,20,49.1
man,1971-1975,20,44.4
man,1976-1980,20,52.1
man,1981-1985,20,51.3
man,1986-1990,20,48.7
vrouw,1906-1910,21,
vrouw,1911-1915,21,
vrouw,1916-1920,21,
vrouw,1921-1925,21,
vrouw,1926-1930,21,
vrouw,1931-1935,21,
vrouw,1936-1940,21,
vrouw,1941-1945,21,
vrouw,1946-1950,21,63.4
vrouw,1951-1955,21,60.4
vrouw,1956-1960,21,64.7
vrouw,1961-1965,21,59.6
vrouw,1966-1970,21,58.6
vrouw,1971-1975,21,52.3
vrouw,1976-1980,21,54.5
vrouw,1981-1985,21,50.4
vrouw,1986-1990,21,50.6
man,1906-1910,21,
man,1911-1915,21,
man,1916-1920,21,
man,1921-1925,21,
man,1926-1930,21,
man,1931-1935,21,
man,1936-1940,21,
man,1941-1945,21,
man,1946-1950,21,78
man,1951-1955,21,70
man,1956-1960,21,58.9
man,1961-1965,21,56
man,1966-1970,21,55.9
man,1971-1975,21,52.3
man,1976-1980,21,58.7
man,1981-1985,21,56.2
man,1986-1990,21,55.8
vrouw,1906-1910,22,
vrouw,1911-1915,22,
vrouw,1916-1920,22,
vrouw,1921-1925,22,
vrouw,1926-1930,22,
vrouw,1931-1935,22,
vrouw,1936-1940,22,
vrouw,1941-1945,22,
vrouw,1946-1950,22,56.3
vrouw,1951-1955,22,55
vrouw,1956-1960,22,63.7
vrouw,1961-1965,22,61.8
vrouw,1966-1970,22,63.7
vrouw,1971-1975,22,59.5
vrouw,1976-1980,22,60.8
vrouw,1981-1985,22,57.9
vrouw,1986-1990,22,56.3
man,1906-1910,22,
man,1911-1915,22,
man,1916-1920,22,
man,1921-1925,22,
man,1926-1930,22,
man,1931-1935,22,
man,1936-1940,22,
man,1941-1945,22,
man,1946-1950,22,83.3
man,1951-1955,22,75.6
man,1956-1960,22,70.1
man,1961-1965,22,64.4
man,1966-1970,22,61.7
man,1971-1975,22,59.7
man,1976-1980,22,65.2
man,1981-1985,22,63.2
man,1986-1990,22,59.5
vrouw,1906-1910,23,
vrouw,1911-1915,23,
vrouw,1916-1920,23,
vrouw,1921-1925,23,
vrouw,1926-1930,23,
vrouw,1931-1935,23,
vrouw,1936-1940,23,
vrouw,1941-1945,23,
vrouw,1946-1950,23,48.4
vrouw,1951-1955,23,49.7
vrouw,1956-1960,23,60.9
vrouw,1961-1965,23,64.1
vrouw,1966-1970,23,66.1
vrouw,1971-1975,23,65.9
vrouw,1976-1980,23,68.6
vrouw,1981-1985,23,64.9
vrouw,1986-1990,23,62.9
man,1906-1910,23,
man,1911-1915,23,
man,1916-1920,23,
man,1921-1925,23,
man,1926-1930,23,
man,1931-1935,23,
man,1936-1940,23,
man,1941-1945,23,
man,1946-1950,23,86.7
man,1951-1955,23,78.9
man,1956-1960,23,72.4
man,1961-1965,23,69.4
man,1966-1970,23,68.5
man,1971-1975,23,67
man,1976-1980,23,69.7
man,1981-1985,23,68.4
man,1986-1990,23,63.5
vrouw,1906-1910,24,
vrouw,1911-1915,24,
vrouw,1916-1920,24,
vrouw,1921-1925,24,
vrouw,1926-1930,24,
vrouw,1931-1935,24,
vrouw,1936-1940,24,
vrouw,1941-1945,24,
vrouw,1946-1950,24,40.7
vrouw,1951-1955,24,46.4
vrouw,1956-1960,24,57.1
vrouw,1961-1965,24,63.3
vrouw,1966-1970,24,68
vrouw,1971-1975,24,69.7
vrouw,1976-1980,24,71.3
vrouw,1981-1985,24,70.2
vrouw,1986-1990,24,
man,1906-1910,24,
man,1911-1915,24,
man,1916-1920,24,
man,1921-1925,24,
man,1926-1930,24,
man,1931-1935,24,
man,1936-1940,24,
man,1941-1945,24,
man,1946-1950,24,89.3
man,1951-1955,24,82.6
man,1956-1960,24,74.6
man,1961-1965,24,73.6
man,1966-1970,24,72.9
man,1971-1975,24,74.8
man,1976-1980,24,75.4
man,1981-1985,24,74.8
man,1986-1990,24,
vrouw,1906-1910,25,
vrouw,1911-1915,25,
vrouw,1916-1920,25,
vrouw,1921-1925,25,
vrouw,1926-1930,25,
vrouw,1931-1935,25,
vrouw,1936-1940,25,
vrouw,1941-1945,25,
vrouw,1946-1950,25,32.6
vrouw,1951-1955,25,42
vrouw,1956-1960,25,54.2
vrouw,1961-1965,25,63.3
vrouw,1966-1970,25,69.2
vrouw,1971-1975,25,73.2
vrouw,1976-1980,25,73.7
vrouw,1981-1985,25,75.8
vrouw,1986-1990,25,
man,1906-1910,25,
man,1911-1915,25,
man,1916-1920,25,
man,1921-1925,25,
man,1926-1930,25,
man,1931-1935,25,
man,1936-1940,25,
man,1941-1945,25,
man,1946-1950,25,90.1
man,1951-1955,25,85.2
man,1956-1960,25,78.1
man,1961-1965,25,79.7
man,1966-1970,25,78
man,1971-1975,25,82.4
man,1976-1980,25,80.6
man,1981-1985,25,81.3
man,1986-1990,25,
vrouw,1906-1910,26,
vrouw,1911-1915,26,
vrouw,1916-1920,26,
vrouw,1921-1925,26,
vrouw,1926-1930,26,
vrouw,1931-1935,26,
vrouw,1936-1940,26,
vrouw,1941-1945,26,28.9
vrouw,1946-1950,26,28
vrouw,1951-1955,26,38.3
vrouw,1956-1960,26,49.1
vrouw,1961-1965,26,62.4
vrouw,1966-1970,26,70
vrouw,1971-1975,26,75.6
vrouw,1976-1980,26,76.2
vrouw,1981-1985,26,79.2
vrouw,1986-1990,26,
man,1906-1910,26,
man,1911-1915,26,
man,1916-1920,26,
man,1921-1925,26,
man,1926-1930,26,
man,1931-1935,26,
man,1936-1940,26,
man,1941-1945,26,92.9
man,1946-1950,26,91.5
man,1951-1955,26,86.7
man,1956-1960,26,77.9
man,1961-1965,26,82.8
man,1966-1970,26,83.7
man,1971-1975,26,87.7
man,1976-1980,26,84.4
man,1981-1985,26,85.5
man,1986-1990,26,
vrouw,1906-1910,27,
vrouw,1911-1915,27,
vrouw,1916-1920,27,
vrouw,1921-1925,27,
vrouw,1926-1930,27,
vrouw,1931-1935,27,
vrouw,1936-1940,27,
vrouw,1941-1945,27,25.8
vrouw,1946-1950,27,25.8
vrouw,1951-1955,27,35.9
vrouw,1956-1960,27,48.3
vrouw,1961-1965,27,60.6
vrouw,1966-1970,27,68.6
vrouw,1971-1975,27,74.5
vrouw,1976-1980,27,77.1
vrouw,1981-1985,27,80.3
vrouw,1986-1990,27,
man,1906-1910,27,
man,1911-1915,27,
man,1916-1920,27,
man,1921-1925,27,
man,1926-1930,27,
man,1931-1935,27,
man,1936-1940,27,
man,1941-1945,27,94.4
man,1946-1950,27,92.4
man,1951-1955,27,88.3
man,1956-1960,27,82.4
man,1961-1965,27,86.4
man,1966-1970,27,86.1
man,1971-1975,27,89.5
man,1976-1980,27,87.4
man,1981-1985,27,86.5
man,1986-1990,27,
vrouw,1906-1910,28,
vrouw,1911-1915,28,
vrouw,1916-1920,28,
vrouw,1921-1925,28,
vrouw,1926-1930,28,
vrouw,1931-1935,28,
vrouw,1936-1940,28,
vrouw,1941-1945,28,22.9
vrouw,1946-1950,28,21.5
vrouw,1951-1955,28,34.2
vrouw,1956-1960,28,47.4
vrouw,1961-1965,28,59.1
vrouw,1966-1970,28,68.9
vrouw,1971-1975,28,75.2
vrouw,1976-1980,28,77.9
vrouw,1981-1985,28,81
vrouw,1986-1990,28,
man,1906-1910,28,
man,1911-1915,28,
man,1916-1920,28,
man,1921-1925,28,
man,1926-1930,28,
man,1931-1935,28,
man,1936-1940,28,
man,1941-1945,28,95.4
man,1946-1950,28,93.1
man,1951-1955,28,87.2
man,1956-1960,28,84.1
man,1961-1965,28,88.9
man,1966-1970,28,88.1
man,1971-1975,28,90
man,1976-1980,28,90.3
man,1981-1985,28,88
man,1986-1990,28,
vrouw,1906-1910,29,
vrouw,1911-1915,29,
vrouw,1916-1920,29,
vrouw,1921-1925,29,
vrouw,1926-1930,29,
vrouw,1931-1935,29,
vrouw,1936-1940,29,
vrouw,1941-1945,29,22.3
vrouw,1946-1950,29,22.5
vrouw,1951-1955,29,33
vrouw,1956-1960,29,45.2
vrouw,1961-1965,29,58.2
vrouw,1966-1970,29,68.1
vrouw,1971-1975,29,73.7
vrouw,1976-1980,29,78.4
vrouw,1981-1985,29,
vrouw,1986-1990,29,
man,1906-1910,29,
man,1911-1915,29,
man,1916-1920,29,
man,1921-1925,29,
man,1926-1930,29,
man,1931-1935,29,
man,1936-1940,29,
man,1941-1945,29,95.7
man,1946-1950,29,93
man,1951-1955,29,87.3
man,1956-1960,29,86.4
man,1961-1965,29,88
man,1966-1970,29,90.6
man,1971-1975,29,91
man,1976-1980,29,91.2
man,1981-1985,29,
man,1986-1990,29,
vrouw,1906-1910,30,
vrouw,1911-1915,30,
vrouw,1916-1920,30,
vrouw,1921-1925,30,
vrouw,1926-1930,30,
vrouw,1931-1935,30,
vrouw,1936-1940,30,
vrouw,1941-1945,30,20.4
vrouw,1946-1950,30,22.3
vrouw,1951-1955,30,31.7
vrouw,1956-1960,30,45.6
vrouw,1961-1965,30,55.8
vrouw,1966-1970,30,68.8
vrouw,1971-1975,30,72.3
vrouw,1976-1980,30,79.1
vrouw,1981-1985,30,
vrouw,1986-1990,30,
man,1906-1910,30,
man,1911-1915,30,
man,1916-1920,30,
man,1921-1925,30,
man,1926-1930,30,
man,1931-1935,30,
man,1936-1940,30,
man,1941-1945,30,95.7
man,1946-1950,30,93.9
man,1951-1955,30,86.6
man,1956-1960,30,89
man,1961-1965,30,89
man,1966-1970,30,91.1
man,1971-1975,30,90.9
man,1976-1980,30,91.8
man,1981-1985,30,
man,1986-1990,30,
vrouw,1906-1910,31,
vrouw,1911-1915,31,
vrouw,1916-1920,31,
vrouw,1921-1925,31,
vrouw,1926-1930,31,
vrouw,1931-1935,31,
vrouw,1936-1940,31,20.2
vrouw,1941-1945,31,20.2
vrouw,1946-1950,31,24.6
vrouw,1951-1955,31,31.5
vrouw,1956-1960,31,43.4
vrouw,1961-1965,31,55.9
vrouw,1966-1970,31,67.8
vrouw,1971-1975,31,72.3
vrouw,1976-1980,31,79.3
vrouw,1981-1985,31,
vrouw,1986-1990,31,
man,1906-1910,31,
man,1911-1915,31,
man,1916-1920,31,
man,1921-1925,31,
man,1926-1930,31,
man,1931-1935,31,
man,1936-1940,31,96.5
man,1941-1945,31,96.1
man,1946-1950,31,93.3
man,1951-1955,31,85.8
man,1956-1960,31,88.3
man,1961-1965,31,89.3
man,1966-1970,31,92.4
man,1971-1975,31,90.3
man,1976-1980,31,92.4
man,1981-1985,31,
man,1986-1990,31,
vrouw,1906-1910,32,
vrouw,1911-1915,32,
vrouw,1916-1920,32,
vrouw,1921-1925,32,
vrouw,1926-1930,32,
vrouw,1931-1935,32,
vrouw,1936-1940,32,20.2
vrouw,1941-1945,32,20.2
vrouw,1946-1950,32,24.5
vrouw,1951-1955,32,32.6
vrouw,1956-1960,32,44.2
vrouw,1961-1965,32,55.2
vrouw,1966-1970,32,67.5
vrouw,1971-1975,32,72.4
vrouw,1976-1980,32,80.1
vrouw,1981-1985,32,
vrouw,1986-1990,32,
man,1906-1910,32,
man,1911-1915,32,
man,1916-1920,32,
man,1921-1925,32,
man,1926-1930,32,
man,1931-1935,32,
man,1936-1940,32,96.6
man,1941-1945,32,95.3
man,1946-1950,32,93.7
man,1951-1955,32,87.3
man,1956-1960,32,89.9
man,1961-1965,32,90.1
man,1966-1970,32,92.4
man,1971-1975,32,91.6
man,1976-1980,32,92.2
man,1981-1985,32,
man,1986-1990,32,
vrouw,1906-1910,33,
vrouw,1911-1915,33,
vrouw,1916-1920,33,
vrouw,1921-1925,33,
vrouw,1926-1930,33,
vrouw,1931-1935,33,
vrouw,1936-1940,33,20.6
vrouw,1941-1945,33,18.9
vrouw,1946-1950,33,27.2
vrouw,1951-1955,33,36
vrouw,1956-1960,33,46.7
vrouw,1961-1965,33,56.2
vrouw,1966-1970,33,67.1
vrouw,1971-1975,33,72.8
vrouw,1976-1980,33,79.7
vrouw,1981-1985,33,
vrouw,1986-1990,33,
man,1906-1910,33,
man,1911-1915,33,
man,1916-1920,33,
man,1921-1925,33,
man,1926-1930,33,
man,1931-1935,33,
man,1936-1940,33,96.4
man,1941-1945,33,94.8
man,1946-1950,33,91.2
man,1951-1955,33,88.4
man,1956-1960,33,90.1
man,1961-1965,33,90.5
man,1966-1970,33,92.4
man,1971-1975,33,92.5
man,1976-1980,33,92.6
man,1981-1985,33,
man,1986-1990,33,
vrouw,1906-1910,34,
vrouw,1911-1915,34,
vrouw,1916-1920,34,
vrouw,1921-1925,34,
vrouw,1926-1930,34,
vrouw,1931-1935,34,
vrouw,1936-1940,34,20.9
vrouw,1941-1945,34,21.1
vrouw,1946-1950,34,28.9
vrouw,1951-1955,34,37
vrouw,1956-1960,34,46.7
vrouw,1961-1965,34,56.9
vrouw,1966-1970,34,65.7
vrouw,1971-1975,34,74.5
vrouw,1976-1980,34,
vrouw,1981-1985,34,
vrouw,1986-1990,34,
man,1906-1910,34,
man,1911-1915,34,
man,1916-1920,34,
man,1921-1925,34,
man,1926-1930,34,
man,1931-1935,34,
man,1936-1940,34,96.5
man,1941-1945,34,94.6
man,1946-1950,34,90.6
man,1951-1955,34,89
man,1956-1960,34,90
man,1961-1965,34,92.3
man,1966-1970,34,91.4
man,1971-1975,34,92.7
man,1976-1980,34,
man,1981-1985,34,
man,1986-1990,34,
vrouw,1906-1910,35,
vrouw,1911-1915,35,
vrouw,1916-1920,35,
vrouw,1921-1925,35,
vrouw,1926-1930,35,
vrouw,1931-1935,35,
vrouw,1936-1940,35,19.8
vrouw,1941-1945,35,22.8
vrouw,1946-1950,35,29.9
vrouw,1951-1955,35,40
vrouw,1956-1960,35,48
vrouw,1961-1965,35,59
vrouw,1966-1970,35,66.3
vrouw,1971-1975,35,74.5
vrouw,1976-1980,35,
vrouw,1981-1985,35,
vrouw,1986-1990,35,
man,1906-1910,35,
man,1911-1915,35,
man,1916-1920,35,
man,1921-1925,35,
man,1926-1930,35,
man,1931-1935,35,
man,1936-1940,35,95.8
man,1941-1945,35,95.3
man,1946-1950,35,89.3
man,1951-1955,35,90.1
man,1956-1960,35,90.5
man,1961-1965,35,92.2
man,1966-1970,35,91.4
man,1971-1975,35,92.6
man,1976-1980,35,
man,1981-1985,35,
man,1986-1990,35,
vrouw,1906-1910,36,
vrouw,1911-1915,36,
vrouw,1916-1920,36,
vrouw,1921-1925,36,
vrouw,1926-1930,36,
vrouw,1931-1935,36,20.5
vrouw,1936-1940,36,19.8
vrouw,1941-1945,36,26.7
vrouw,1946-1950,36,30.3
vrouw,1951-1955,36,40.9
vrouw,1956-1960,36,49.2
vrouw,1961-1965,36,60
vrouw,1966-1970,36,66.6
vrouw,1971-1975,36,75
vrouw,1976-1980,36,
vrouw,1981-1985,36,
vrouw,1986-1990,36,
man,1906-1910,36,
man,1911-1915,36,
man,1916-1920,36,
man,1921-1925,36,
man,1926-1930,36,
man,1931-1935,36,96.5
man,1936-1940,36,96.1
man,1941-1945,36,93.7
man,1946-1950,36,88.2
man,1951-1955,36,89.2
man,1956-1960,36,90
man,1961-1965,36,93.2
man,1966-1970,36,91.4
man,1971-1975,36,93
man,1976-1980,36,
man,1981-1985,36,
man,1986-1990,36,
vrouw,1906-1910,37,
vrouw,1911-1915,37,
vrouw,1916-1920,37,
vrouw,1921-1925,37,
vrouw,1926-1930,37,
vrouw,1931-1935,37,20.9
vrouw,1936-1940,37,20.4
vrouw,1941-1945,37,28.9
vrouw,1946-1950,37,32.7
vrouw,1951-1955,37,43.7
vrouw,1956-1960,37,51.1
vrouw,1961-1965,37,60.4
vrouw,1966-1970,37,68
vrouw,1971-1975,37,74.7
vrouw,1976-1980,37,
vrouw,1981-1985,37,
vrouw,1986-1990,37,
man,1906-1910,37,
man,1911-1915,37,
man,1916-1920,37,
man,1921-1925,37,
man,1926-1930,37,
man,1931-1935,37,96.3
man,1936-1940,37,94.9
man,1941-1945,37,93.6
man,1946-1950,37,88.9
man,1951-1955,37,90.3
man,1956-1960,37,90
man,1961-1965,37,92.1
man,1966-1970,37,91.5
man,1971-1975,37,92.7
man,1976-1980,37,
man,1981-1985,37,
man,1986-1990,37,
vrouw,1906-1910,38,
vrouw,1911-1915,38,
vrouw,1916-1920,38,
vrouw,1921-1925,38,
vrouw,1926-1930,38,
vrouw,1931-1935,38,21.4
vrouw,1936-1940,38,20.1
vrouw,1941-1945,38,30.1
vrouw,1946-1950,38,36.5
vrouw,1951-1955,38,45.7
vrouw,1956-1960,38,51.8
vrouw,1961-1965,38,62.2
vrouw,1966-1970,38,69.9
vrouw,1971-1975,38,74.3
vrouw,1976-1980,38,
vrouw,1981-1985,38,
vrouw,1986-1990,38,
man,1906-1910,38,
man,1911-1915,38,
man,1916-1920,38,
man,1921-1925,38,
man,1926-1930,38,
man,1931-1935,38,96.3
man,1936-1940,38,93.9
man,1941-1945,38,91.5
man,1946-1950,38,89.5
man,1951-1955,38,90.5
man,1956-1960,38,90.1
man,1961-1965,38,91.4
man,1966-1970,38,91.8
man,1971-1975,38,90.8
man,1976-1980,38,
man,1981-1985,38,
man,1986-1990,38,
vrouw,1906-1910,39,
vrouw,1911-1915,39,
vrouw,1916-1920,39,
vrouw,1921-1925,39,
vrouw,1926-1930,39,
vrouw,1931-1935,39,22.1
vrouw,1936-1940,39,22.7
vrouw,1941-1945,39,32.4
vrouw,1946-1950,39,37.1
vrouw,1951-1955,39,47.7
vrouw,1956-1960,39,53.6
vrouw,1961-1965,39,64.3
vrouw,1966-1970,39,71.1
vrouw,1971-1975,39,
vrouw,1976-1980,39,
vrouw,1981-1985,39,
vrouw,1986-1990,39,
man,1906-1910,39,
man,1911-1915,39,
man,1916-1920,39,
man,1921-1925,39,
man,1926-1930,39,
man,1931-1935,39,96.4
man,1936-1940,39,94.6
man,1941-1945,39,89
man,1946-1950,39,89.1
man,1951-1955,39,90.2
man,1956-1960,39,91.5
man,1961-1965,39,91.7
man,1966-1970,39,92.5
man,1971-1975,39,
man,1976-1980,39,
man,1981-1985,39,
man,1986-1990,39,
vrouw,1906-1910,40,
vrouw,1911-1915,40,
vrouw,1916-1920,40,
vrouw,1921-1925,40,
vrouw,1926-1930,40,
vrouw,1931-1935,40,21
vrouw,1936-1940,40,24.1
vrouw,1941-1945,40,31.8
vrouw,1946-1950,40,38.7
vrouw,1951-1955,40,48.3
vrouw,1956-1960,40,57
vrouw,1961-1965,40,64.4
vrouw,1966-1970,40,72.7
vrouw,1971-1975,40,
vrouw,1976-1980,40,
vrouw,1981-1985,40,
vrouw,1986-1990,40,
man,1906-1910,40,
man,1911-1915,40,
man,1916-1920,40,
man,1921-1925,40,
man,1926-1930,40,
man,1931-1935,40,95.6
man,1936-1940,40,93.8
man,1941-1945,40,89.8
man,1946-1950,40,89.6
man,1951-1955,40,90.4
man,1956-1960,40,90.3
man,1961-1965,40,91
man,1966-1970,40,92.2
man,1971-1975,40,
man,1976-1980,40,
man,1981-1985,40,
man,1986-1990,40,
vrouw,1906-1910,41,
vrouw,1911-1915,41,
vrouw,1916-1920,41,
vrouw,1921-1925,41,
vrouw,1926-1930,41,22
vrouw,1931-1935,41,20.8
vrouw,1936-1940,41,26.3
vrouw,1941-1945,41,33.1
vrouw,1946-1950,41,41.3
vrouw,1951-1955,41,48.7
vrouw,1956-1960,41,59.4
vrouw,1961-1965,41,65.5
vrouw,1966-1970,41,73.3
vrouw,1971-1975,41,
vrouw,1976-1980,41,
vrouw,1981-1985,41,
vrouw,1986-1990,41,
man,1906-1910,41,
man,1911-1915,41,
man,1916-1920,41,
man,1921-1925,41,
man,1926-1930,41,96
man,1931-1935,41,94.3
man,1936-1940,41,92.6
man,1941-1945,41,88.3
man,1946-1950,41,88.9
man,1951-1955,41,90
man,1956-1960,41,91.9
man,1961-1965,41,90.8
man,1966-1970,41,92
man,1971-1975,41,
man,1976-1980,41,
man,1981-1985,41,
man,1986-1990,41,
vrouw,1906-1910,42,
vrouw,1911-1915,42,
vrouw,1916-1920,42,
vrouw,1921-1925,42,
vrouw,1926-1930,42,21.5
vrouw,1931-1935,42,20.8
vrouw,1936-1940,42,28.8
vrouw,1941-1945,42,33.2
vrouw,1946-1950,42,42.1
vrouw,1951-1955,42,51.4
vrouw,1956-1960,42,62.4
vrouw,1961-1965,42,66.7
vrouw,1966-1970,42,73.8
vrouw,1971-1975,42,
vrouw,1976-1980,42,
vrouw,1981-1985,42,
vrouw,1986-1990,42,
man,1906-1910,42,
man,1911-1915,42,
man,1916-1920,42,
man,1921-1925,42,
man,1926-1930,42,95.7
man,1931-1935,42,94
man,1936-1940,42,90.7
man,1941-1945,42,89
man,1946-1950,42,88.8
man,1951-1955,42,89.8
man,1956-1960,42,91.7
man,1961-1965,42,89.9
man,1966-1970,42,90.6
man,1971-1975,42,
man,1976-1980,42,
man,1981-1985,42,
man,1986-1990,42,
vrouw,1906-1910,43,
vrouw,1911-1915,43,
vrouw,1916-1920,43,
vrouw,1921-1925,43,
vrouw,1926-1930,43,21.4
vrouw,1931-1935,43,19.6
vrouw,1936-1940,43,29.8
vrouw,1941-1945,43,38.2
vrouw,1946-1950,43,43.7
vrouw,1951-1955,43,52.5
vrouw,1956-1960,43,63.7
vrouw,1961-1965,43,68.2
vrouw,1966-1970,43,75.9
vrouw,1971-1975,43,
vrouw,1976-1980,43,
vrouw,1981-1985,43,
vrouw,1986-1990,43,
man,1906-1910,43,
man,1911-1915,43,
man,1916-1920,43,
man,1921-1925,43,
man,1926-1930,43,95.8
man,1931-1935,43,92.6
man,1936-1940,43,89.7
man,1941-1945,43,87.7
man,1946-1950,43,88.6
man,1951-1955,43,90.1
man,1956-1960,43,90.9
man,1961-1965,43,90.7
man,1966-1970,43,90.1
man,1971-1975,43,
man,1976-1980,43,
man,1981-1985,43,
man,1986-1990,43,
vrouw,1906-1910,44,
vrouw,1911-1915,44,
vrouw,1916-1920,44,
vrouw,1921-1925,44,
vrouw,1926-1930,44,22
vrouw,1931-1935,44,21
vrouw,1936-1940,44,28.6
vrouw,1941-1945,44,36.5
vrouw,1946-1950,44,45.7
vrouw,1951-1955,44,55.1
vrouw,1956-1960,44,64.1
vrouw,1961-1965,44,70.3
vrouw,1966-1970,44,
vrouw,1971-1975,44,
vrouw,1976-1980,44,
vrouw,1981-1985,44,
vrouw,1986-1990,44,
man,1906-1910,44,
man,1911-1915,44,
man,1916-1920,44,
man,1921-1925,44,
man,1926-1930,44,94.8
man,1931-1935,44,91.7
man,1936-1940,44,87.5
man,1941-1945,44,88.1
man,1946-1950,44,88.1
man,1951-1955,44,89.7
man,1956-1960,44,90.8
man,1961-1965,44,91.2
man,1966-1970,44,
man,1971-1975,44,
man,1976-1980,44,
man,1981-1985,44,
man,1986-1990,44,
vrouw,1906-1910,45,
vrouw,1911-1915,45,
vrouw,1916-1920,45,
vrouw,1921-1925,45,
vrouw,1926-1930,45,20.4
vrouw,1931-1935,45,22.4
vrouw,1936-1940,45,28.5
vrouw,1941-1945,45,38.7
vrouw,1946-1950,45,47
vrouw,1951-1955,45,57.1
vrouw,1956-1960,45,64.9
vrouw,1961-1965,45,71.3
vrouw,1966-1970,45,
vrouw,1971-1975,45,
vrouw,1976-1980,45,
vrouw,1981-1985,45,
vrouw,1986-1990,45,
man,1906-1910,45,
man,1911-1915,45,
man,1916-1920,45,
man,1921-1925,45,
man,1926-1930,45,93.8
man,1931-1935,45,91
man,1936-1940,45,85.9
man,1941-1945,45,87.8
man,1946-1950,45,88.3
man,1951-1955,45,88.6
man,1956-1960,45,89.8
man,1961-1965,45,90.6
man,1966-1970,45,
man,1971-1975,45,
man,1976-1980,45,
man,1981-1985,45,
man,1986-1990,45,
vrouw,1906-1910,46,
vrouw,1911-1915,46,
vrouw,1916-1920,46,
vrouw,1921-1925,46,22
vrouw,1926-1930,46,20.2
vrouw,1931-1935,46,23.9
vrouw,1936-1940,46,28.3
vrouw,1941-1945,46,38.5
vrouw,1946-1950,46,47.5
vrouw,1951-1955,46,58.1
vrouw,1956-1960,46,66.2
vrouw,1961-1965,46,71.4
vrouw,1966-1970,46,
vrouw,1971-1975,46,
vrouw,1976-1980,46,
vrouw,1981-1985,46,
vrouw,1986-1990,46,
man,1906-1910,46,
man,1911-1915,46,
man,1916-1920,46,
man,1921-1925,46,94.8
man,1926-1930,46,92.8
man,1931-1935,46,89.8
man,1936-1940,46,84.8
man,1941-1945,46,86.6
man,1946-1950,46,88.8
man,1951-1955,46,91
man,1956-1960,46,89.5
man,1961-1965,46,90.4
man,1966-1970,46,
man,1971-1975,46,
man,1976-1980,46,
man,1981-1985,46,
man,1986-1990,46,
vrouw,1906-1910,47,
vrouw,1911-1915,47,
vrouw,1916-1920,47,
vrouw,1921-1925,47,21.9
vrouw,1926-1930,47,18.7
vrouw,1931-1935,47,25.2
vrouw,1936-1940,47,30.4
vrouw,1941-1945,47,37.7
vrouw,1946-1950,47,47
vrouw,1951-1955,47,58.5
vrouw,1956-1960,47,65.7
vrouw,1961-1965,47,72.3
vrouw,1966-1970,47,
vrouw,1971-1975,47,
vrouw,1976-1980,47,
vrouw,1981-1985,47,
vrouw,1986-1990,47,
man,1906-1910,47,
man,1911-1915,47,
man,1916-1920,47,
man,1921-1925,47,94.5
man,1926-1930,47,91.6
man,1931-1935,47,87.6
man,1936-1940,47,84.3
man,1941-1945,47,86
man,1946-1950,47,88.7
man,1951-1955,47,89.4
man,1956-1960,47,89.7
man,1961-1965,47,90.5
man,1966-1970,47,
man,1971-1975,47,
man,1976-1980,47,
man,1981-1985,47,
man,1986-1990,47,
vrouw,1906-1910,48,
vrouw,1911-1915,48,
vrouw,1916-1920,48,
vrouw,1921-1925,48,20.4
vrouw,1926-1930,48,18.7
vrouw,1931-1935,48,24.8
vrouw,1936-1940,48,29.4
vrouw,1941-1945,48,38
vrouw,1946-1950,48,48.3
vrouw,1951-1955,48,57.6
vrouw,1956-1960,48,66.7
vrouw,1961-1965,48,70.2
vrouw,1966-1970,48,
vrouw,1971-1975,48,
vrouw,1976-1980,48,
vrouw,1981-1985,48,
vrouw,1986-1990,48,
man,1906-1910,48,
man,1911-1915,48,
man,1916-1920,48,
man,1921-1925,48,93.1
man,1926-1930,48,89.4
man,1931-1935,48,86
man,1936-1940,48,84.7
man,1941-1945,48,86.1
man,1946-1950,48,87.6
man,1951-1955,48,89.5
man,1956-1960,48,90.1
man,1961-1965,48,89.7
man,1966-1970,48,
man,1971-1975,48,
man,1976-1980,48,
man,1981-1985,48,
man,1986-1990,48,
vrouw,1906-1910,49,
vrouw,1911-1915,49,
vrouw,1916-1920,49,
vrouw,1921-1925,49,19.9
vrouw,1926-1930,49,19.2
vrouw,1931-1935,49,24.7
vrouw,1936-1940,49,31.4
vrouw,1941-1945,49,37.5
vrouw,1946-1950,49,46.8
vrouw,1951-1955,49,58.3
vrouw,1956-1960,49,67.3
vrouw,1961-1965,49,
vrouw,1966-1970,49,
vrouw,1971-1975,49,
vrouw,1976-1980,49,
vrouw,1981-1985,49,
vrouw,1986-1990,49,
man,1906-1910,49,
man,1911-1915,49,
man,1916-1920,49,
man,1921-1925,49,93.2
man,1926-1930,49,88.1
man,1931-1935,49,83.6
man,1936-1940,49,83.5
man,1941-1945,49,85.5
man,1946-1950,49,87.9
man,1951-1955,49,87.9
man,1956-1960,49,89.1
man,1961-1965,49,
man,1966-1970,49,
man,1971-1975,49,
man,1976-1980,49,
man,1981-1985,49,
man,1986-1990,49,
vrouw,1906-1910,50,
vrouw,1911-1915,50,
vrouw,1916-1920,50,
vrouw,1921-1925,50,18.7
vrouw,1926-1930,50,20.5
vrouw,1931-1935,50,24
vrouw,1936-1940,50,30.3
vrouw,1941-1945,50,36.7
vrouw,1946-1950,50,46
vrouw,1951-1955,50,58.1
vrouw,1956-1960,50,67.1
vrouw,1961-1965,50,
vrouw,1966-1970,50,
vrouw,1971-1975,50,
vrouw,1976-1980,50,
vrouw,1981-1985,50,
vrouw,1986-1990,50,
man,1906-1910,50,
man,1911-1915,50,
man,1916-1920,50,
man,1921-1925,50,91.3
man,1926-1930,50,87.6
man,1931-1935,50,81.3
man,1936-1940,50,80.1
man,1941-1945,50,82.9
man,1946-1950,50,87.3
man,1951-1955,50,87.6
man,1956-1960,50,89.1
man,1961-1965,50,
man,1966-1970,50,
man,1971-1975,50,
man,1976-1980,50,
man,1981-1985,50,
man,1986-1990,50,
vrouw,1906-1910,51,
vrouw,1911-1915,51,
vrouw,1916-1920,51,20.4
vrouw,1921-1925,51,19.4
vrouw,1926-1930,51,19.8
vrouw,1931-1935,51,24.1
vrouw,1936-1940,51,28
vrouw,1941-1945,51,35.4
vrouw,1946-1950,51,46.9
vrouw,1951-1955,51,56.9
vrouw,1956-1960,51,66.9
vrouw,1961-1965,51,
vrouw,1966-1970,51,
vrouw,1971-1975,51,
vrouw,1976-1980,51,
vrouw,1981-1985,51,
vrouw,1986-1990,51,
man,1906-1910,51,
man,1911-1915,51,
man,1916-1920,51,92.1
man,1921-1925,51,89.1
man,1926-1930,51,84.7
man,1931-1935,51,79.7
man,1936-1940,51,79.2
man,1941-1945,51,82.9
man,1946-1950,51,87.2
man,1951-1955,51,86.6
man,1956-1960,51,88.3
man,1961-1965,51,
man,1966-1970,51,
man,1971-1975,51,
man,1976-1980,51,
man,1981-1985,51,
man,1986-1990,51,
vrouw,1906-1910,52,
vrouw,1911-1915,52,
vrouw,1916-1920,52,20.3
vrouw,1921-1925,52,16.8
vrouw,1926-1930,52,19.8
vrouw,1931-1935,52,22.2
vrouw,1936-1940,52,27
vrouw,1941-1945,52,35.8
vrouw,1946-1950,52,47.5
vrouw,1951-1955,52,56.2
vrouw,1956-1960,52,65.7
vrouw,1961-1965,52,
vrouw,1966-1970,52,
vrouw,1971-1975,52,
vrouw,1976-1980,52,
vrouw,1981-1985,52,
vrouw,1986-1990,52,
man,1906-1910,52,
man,1911-1915,52,
man,1916-1920,52,91.4
man,1921-1925,52,87
man,1926-1930,52,82.9
man,1931-1935,52,78
man,1936-1940,52,78.2
man,1941-1945,52,81.6
man,1946-1950,52,85.5
man,1951-1955,52,85.2
man,1956-1960,52,88.1
man,1961-1965,52,
man,1966-1970,52,
man,1971-1975,52,
man,1976-1980,52,
man,1981-1985,52,
man,1986-1990,52,
vrouw,1906-1910,53,
vrouw,1911-1915,53,
vrouw,1916-1920,53,19.4
vrouw,1921-1925,53,15.9
vrouw,1926-1930,53,21
vrouw,1931-1935,53,21.9
vrouw,1936-1940,53,27.2
vrouw,1941-1945,53,35.6
vrouw,1946-1950,53,45.1
vrouw,1951-1955,53,56.4
vrouw,1956-1960,53,62.3
vrouw,1961-1965,53,
vrouw,1966-1970,53,
vrouw,1971-1975,53,
vrouw,1976-1980,53,
vrouw,1981-1985,53,
vrouw,1986-1990,53,
man,1906-1910,53,
man,1911-1915,53,
man,1916-1920,53,89.5
man,1921-1925,53,85
man,1926-1930,53,80.5
man,1931-1935,53,75.7
man,1936-1940,53,76.7
man,1941-1945,53,81.7
man,1946-1950,53,84.7
man,1951-1955,53,86.1
man,1956-1960,53,88.6
man,1961-1965,53,
man,1966-1970,53,
man,1971-1975,53,
man,1976-1980,53,
man,1981-1985,53,
man,1986-1990,53,
vrouw,1906-1910,54,
vrouw,1911-1915,54,
vrouw,1916-1920,54,18.7
vrouw,1921-1925,54,15.3
vrouw,1926-1930,54,18.7
vrouw,1931-1935,54,21.9
vrouw,1936-1940,54,26
vrouw,1941-1945,54,35.6
vrouw,1946-1950,54,42.1
vrouw,1951-1955,54,56.5
vrouw,1956-1960,54,
vrouw,1961-1965,54,
vrouw,1966-1970,54,
vrouw,1971-1975,54,
vrouw,1976-1980,54,
vrouw,1981-1985,54,
vrouw,1986-1990,54,
man,1906-1910,54,
man,1911-1915,54,
man,1916-1920,54,87.9
man,1921-1925,54,81.1
man,1926-1930,54,77.2
man,1931-1935,54,72.9
man,1936-1940,54,74.8
man,1941-1945,54,79.4
man,1946-1950,54,83.8
man,1951-1955,54,85.5
man,1956-1960,54,
man,1961-1965,54,
man,1966-1970,54,
man,1971-1975,54,
man,1976-1980,54,
man,1981-1985,54,
man,1986-1990,54,
vrouw,1906-1910,55,
vrouw,1911-1915,55,
vrouw,1916-1920,55,16.8
vrouw,1921-1925,55,15.2
vrouw,1926-1930,55,16.7
vrouw,1931-1935,55,20.7
vrouw,1936-1940,55,25.5
vrouw,1941-1945,55,34.2
vrouw,1946-1950,55,40.9
vrouw,1951-1955,55,55.8
vrouw,1956-1960,55,
vrouw,1961-1965,55,
vrouw,1966-1970,55,
vrouw,1971-1975,55,
vrouw,1976-1980,55,
vrouw,1981-1985,55,
vrouw,1986-1990,55,
man,1906-1910,55,
man,1911-1915,55,
man,1916-1920,55,85.1
man,1921-1925,55,78.7
man,1926-1930,55,72.6
man,1931-1935,55,70.1
man,1936-1940,55,70.9
man,1941-1945,55,75.7
man,1946-1950,55,79.3
man,1951-1955,55,84.3
man,1956-1960,55,
man,1961-1965,55,
man,1966-1970,55,
man,1971-1975,55,
man,1976-1980,55,
man,1981-1985,55,
man,1986-1990,55,
vrouw,1906-1910,56,
vrouw,1911-1915,56,17.9
vrouw,1916-1920,56,15
vrouw,1921-1925,56,14.8
vrouw,1926-1930,56,15.6
vrouw,1931-1935,56,17.9
vrouw,1936-1940,56,22.5
vrouw,1941-1945,56,32.1
vrouw,1946-1950,56,41.1
vrouw,1951-1955,56,53.4
vrouw,1956-1960,56,
vrouw,1961-1965,56,
vrouw,1966-1970,56,
vrouw,1971-1975,56,
vrouw,1976-1980,56,
vrouw,1981-1985,56,
vrouw,1986-1990,56,
man,1906-1910,56,
man,1911-1915,56,86.7
man,1916-1920,56,80.3
man,1921-1925,56,75.4
man,1926-1930,56,67.5
man,1931-1935,56,66.2
man,1936-1940,56,66
man,1941-1945,56,72.4
man,1946-1950,56,77
man,1951-1955,56,82.4
man,1956-1960,56,
man,1961-1965,56,
man,1966-1970,56,
man,1971-1975,56,
man,1976-1980,56,
man,1981-1985,56,
man,1986-1990,56,
vrouw,1906-1910,57,
vrouw,1911-1915,57,17.2
vrouw,1916-1920,57,13
vrouw,1921-1925,57,14.8
vrouw,1926-1930,57,15.9
vrouw,1931-1935,57,16.1
vrouw,1936-1940,57,20.5
vrouw,1941-1945,57,28.6
vrouw,1946-1950,57,39.1
vrouw,1951-1955,57,51.2
vrouw,1956-1960,57,
vrouw,1961-1965,57,
vrouw,1966-1970,57,
vrouw,1971-1975,57,
vrouw,1976-1980,57,
vrouw,1981-1985,57,
vrouw,1986-1990,57,
man,1906-1910,57,
man,1911-1915,57,85.8
man,1916-1920,57,78.8
man,1921-1925,57,72.1
man,1926-1930,57,64.3
man,1931-1935,57,60.7
man,1936-1940,57,57.2
man,1941-1945,57,69
man,1946-1950,57,74.2
man,1951-1955,57,80.7
man,1956-1960,57,
man,1961-1965,57,
man,1966-1970,57,
man,1971-1975,57,
man,1976-1980,57,
man,1981-1985,57,
man,1986-1990,57,
vrouw,1906-1910,58,
vrouw,1911-1915,58,14.2
vrouw,1916-1920,58,12.4
vrouw,1921-1925,58,13.3
vrouw,1926-1930,58,13.6
vrouw,1931-1935,58,16.1
vrouw,1936-1940,58,18.8
vrouw,1941-1945,58,27
vrouw,1946-1950,58,37
vrouw,1951-1955,58,48.9
vrouw,1956-1960,58,
vrouw,1961-1965,58,
vrouw,1966-1970,58,
vrouw,1971-1975,58,
vrouw,1976-1980,58,
vrouw,1981-1985,58,
vrouw,1986-1990,58,
man,1906-1910,58,
man,1911-1915,58,81.7
man,1916-1920,58,73.3
man,1921-1925,58,65.2
man,1926-1930,58,56.1
man,1931-1935,58,52.6
man,1936-1940,58,51.5
man,1941-1945,58,61.9
man,1946-1950,58,71.8
man,1951-1955,58,77.8
man,1956-1960,58,
man,1961-1965,58,
man,1966-1970,58,
man,1971-1975,58,
man,1976-1980,58,
man,1981-1985,58,
man,1986-1990,58,
vrouw,1906-1910,59,
vrouw,1911-1915,59,13.8
vrouw,1916-1920,59,11.2
vrouw,1921-1925,59,11.7
vrouw,1926-1930,59,11.8
vrouw,1931-1935,59,11.6
vrouw,1936-1940,59,15.9
vrouw,1941-1945,59,23.5
vrouw,1946-1950,59,34.5
vrouw,1951-1955,59,
vrouw,1956-1960,59,
vrouw,1961-1965,59,
vrouw,1966-1970,59,
vrouw,1971-1975,59,
vrouw,1976-1980,59,
vrouw,1981-1985,59,
vrouw,1986-1990,59,
man,1906-1910,59,
man,1911-1915,59,78.3
man,1916-1920,59,69.5
man,1921-1925,59,59.4
man,1926-1930,59,50
man,1931-1935,59,43.1
man,1936-1940,59,44.1
man,1941-1945,59,56.3
man,1946-1950,59,67.7
man,1951-1955,59,
man,1956-1960,59,
man,1961-1965,59,
man,1966-1970,59,
man,1971-1975,59,
man,1976-1980,59,
man,1981-1985,59,
man,1986-1990,59,
vrouw,1906-1910,60,
vrouw,1911-1915,60,11.3
vrouw,1916-1920,60,8.2
vrouw,1921-1925,60,8.3
vrouw,1926-1930,60,7.9
vrouw,1931-1935,60,7.4
vrouw,1936-1940,60,10.5
vrouw,1941-1945,60,16.7
vrouw,1946-1950,60,28.1
vrouw,1951-1955,60,
vrouw,1956-1960,60,
vrouw,1961-1965,60,
vrouw,1966-1970,60,
vrouw,1971-1975,60,
vrouw,1976-1980,60,
vrouw,1981-1985,60,
vrouw,1986-1990,60,
man,1906-1910,60,
man,1911-1915,60,73.8
man,1916-1920,60,59.9
man,1921-1925,60,50.8
man,1926-1930,60,33.5
man,1931-1935,60,24.9
man,1936-1940,60,34
man,1941-1945,60,41.9
man,1946-1950,60,59.2
man,1951-1955,60,
man,1956-1960,60,
man,1961-1965,60,
man,1966-1970,60,
man,1971-1975,60,
man,1976-1980,60,
man,1981-1985,60,
man,1986-1990,60,
vrouw,1906-1910,61,12.3
vrouw,1911-1915,61,8.2
vrouw,1916-1920,61,8.1
vrouw,1921-1925,61,6.7
vrouw,1926-1930,61,6.9
vrouw,1931-1935,61,5.1
vrouw,1936-1940,61,7.3
vrouw,1941-1945,61,13.6
vrouw,1946-1950,61,23
vrouw,1951-1955,61,
vrouw,1956-1960,61,
vrouw,1961-1965,61,
vrouw,1966-1970,61,
vrouw,1971-1975,61,
vrouw,1976-1980,61,
vrouw,1981-1985,61,
vrouw,1986-1990,61,
man,1906-1910,61,75
man,1911-1915,61,67.1
man,1916-1920,61,54.3
man,1921-1925,61,38.2
man,1926-1930,61,23.1
man,1931-1935,61,19.9
man,1936-1940,61,21.2
man,1941-1945,61,31.5
man,1946-1950,61,50
man,1951-1955,61,
man,1956-1960,61,
man,1961-1965,61,
man,1966-1970,61,
man,1971-1975,61,
man,1976-1980,61,
man,1981-1985,61,
man,1986-1990,61,
vrouw,1906-1910,62,11.1
vrouw,1911-1915,62,6.5
vrouw,1916-1920,62,6.5
vrouw,1921-1925,62,5.1
vrouw,1926-1930,62,4
vrouw,1931-1935,62,4
vrouw,1936-1940,62,6.2
vrouw,1941-1945,62,10.2
vrouw,1946-1950,62,17.7
vrouw,1951-1955,62,
vrouw,1956-1960,62,
vrouw,1961-1965,62,
vrouw,1966-1970,62,
vrouw,1971-1975,62,
vrouw,1976-1980,62,
vrouw,1981-1985,62,
vrouw,1986-1990,62,
man,1906-1910,62,71.9
man,1911-1915,62,58.9
man,1916-1920,62,44.8
man,1921-1925,62,24.6
man,1926-1930,62,18.7
man,1931-1935,62,16
man,1936-1940,62,19.6
man,1941-1945,62,23.3
man,1946-1950,62,38.2
man,1951-1955,62,
man,1956-1960,62,
man,1961-1965,62,
man,1966-1970,62,
man,1971-1975,62,
man,1976-1980,62,
man,1981-1985,62,
man,1986-1990,62,
vrouw,1906-1910,63,9
vrouw,1911-1915,63,6
vrouw,1916-1920,63,5.6
vrouw,1921-1925,63,3.6
vrouw,1926-1930,63,3.2
vrouw,1931-1935,63,3.6
vrouw,1936-1940,63,5.1
vrouw,1941-1945,63,8
vrouw,1946-1950,63,13.9
vrouw,1951-1955,63,
vrouw,1956-1960,63,
vrouw,1961-1965,63,
vrouw,1966-1970,63,
vrouw,1971-1975,63,
vrouw,1976-1980,63,
vrouw,1981-1985,63,
vrouw,1986-1990,63,
man,1906-1910,63,66.1
man,1911-1915,63,51.5
man,1916-1920,63,31.7
man,1921-1925,63,17.7
man,1926-1930,63,15.9
man,1931-1935,63,12.9
man,1936-1940,63,17
man,1941-1945,63,21.5
man,1946-1950,63,29.7
man,1951-1955,63,
man,1956-1960,63,
man,1961-1965,63,
man,1966-1970,63,
man,1971-1975,63,
man,1976-1980,63,
man,1981-1985,63,
man,1986-1990,63,
vrouw,1906-1910,64,7.4
vrouw,1911-1915,64,4.7
vrouw,1916-1920,64,4
vrouw,1921-1925,64,3.2
vrouw,1926-1930,64,2.7
vrouw,1931-1935,64,2.7
vrouw,1936-1940,64,4.4
vrouw,1941-1945,64,7.1
vrouw,1946-1950,64,
vrouw,1951-1955,64,
vrouw,1956-1960,64,
vrouw,1961-1965,64,
vrouw,1966-1970,64,
vrouw,1971-1975,64,
vrouw,1976-1980,64,
vrouw,1981-1985,64,
vrouw,1986-1990,64,
man,1906-1910,64,55.5
man,1911-1915,64,37.1
man,1916-1920,64,23.1
man,1921-1925,64,17.2
man,1926-1930,64,14.4
man,1931-1935,64,12.8
man,1936-1940,64,15.5
man,1941-1945,64,20.2
man,1946-1950,64,
man,1951-1955,64,
man,1956-1960,64,
man,1961-1965,64,
man,1966-1970,64,
man,1971-1975,64,
man,1976-1980,64,
man,1981-1985,64,
man,1986-1990,64,
vrouw,1906-1910,65,3.4
vrouw,1911-1915,65,2.2
vrouw,1916-1920,65,1.8
vrouw,1921-1925,65,1.8
vrouw,1926-1930,65,1.3
vrouw,1931-1935,65,1.8
vrouw,1936-1940,65,2.5
vrouw,1941-1945,65,5.6
vrouw,1946-1950,65,
vrouw,1951-1955,65,
vrouw,1956-1960,65,
vrouw,1961-1965,65,
vrouw,1966-1970,65,
vrouw,1971-1975,65,
vrouw,1976-1980,65,
vrouw,1981-1985,65,
vrouw,1986-1990,65,
man,1906-1910,65,17.3
man,1911-1915,65,10.9
man,1916-1920,65,8.3
man,1921-1925,65,9.4
man,1926-1930,65,7.9
man,1931-1935,65,7.6
man,1936-1940,65,9.3
man,1941-1945,65,14.2
man,1946-1950,65,
man,1951-1955,65,
man,1956-1960,65,
man,1961-1965,65,
man,1966-1970,65,
man,1971-1975,65,
man,1976-1980,65,
man,1981-1985,65,
man,1986-1990,65,
vrouw,1906-1910,66,2
vrouw,1911-1915,66,1.2
vrouw,1916-1920,66,1
vrouw,1921-1925,66,1.5
vrouw,1926-1930,66,1.1
vrouw,1931-1935,66,1.5
vrouw,1936-1940,66,1.4
vrouw,1941-1945,66,3
vrouw,1946-1950,66,
vrouw,1951-1955,66,
vrouw,1956-1960,66,
vrouw,1961-1965,66,
vrouw,1966-1970,66,
vrouw,1971-1975,66,
vrouw,1976-1980,66,
vrouw,1981-1985,66,
vrouw,1986-1990,66,
man,1906-1910,66,12.7
man,1911-1915,66,6.9
man,1916-1920,66,6.3
man,1921-1925,66,7.8
man,1926-1930,66,6.4
man,1931-1935,66,6.6
man,1936-1940,66,7.3
man,1941-1945,66,11.7
man,1946-1950,66,
man,1951-1955,66,
man,1956-1960,66,
man,1961-1965,66,
man,1966-1970,66,
man,1971-1975,66,
man,1976-1980,66,
man,1981-1985,66,
man,1986-1990,66,
vrouw,1906-1910,67,1.4
vrouw,1911-1915,67,1.2
vrouw,1916-1920,67,1.3
vrouw,1921-1925,67,1.2
vrouw,1926-1930,67,0.8
vrouw,1931-1935,67,1.2
vrouw,1936-1940,67,1.8
vrouw,1941-1945,67,4.2
vrouw,1946-1950,67,
vrouw,1951-1955,67,
vrouw,1956-1960,67,
vrouw,1961-1965,67,
vrouw,1966-1970,67,
vrouw,1971-1975,67,
vrouw,1976-1980,67,
vrouw,1981-1985,67,
vrouw,1986-1990,67,
man,1906-1910,67,9.1
man,1911-1915,67,7.3
man,1916-1920,67,5.5
man,1921-1925,67,7.1
man,1926-1930,67,6.1
man,1931-1935,67,5.2
man,1936-1940,67,8
man,1941-1945,67,10.1
man,1946-1950,67,
man,1951-1955,67,
man,1956-1960,67,
man,1961-1965,67,
man,1966-1970,67,
man,1971-1975,67,
man,1976-1980,67,
man,1981-1985,67,
man,1986-1990,67,
totaal,1906-1910,16,
totaal,1906-1910,17,
totaal,1906-1910,18,
totaal,1906-1910,19,
totaal,1906-1910,20,
totaal,1906-1910,21,
totaal,1906-1910,22,
totaal,1906-1910,23,
totaal,1906-1910,24,
totaal,1906-1910,25,
totaal,1906-1910,26,
totaal,1906-1910,27,
totaal,1906-1910,28,
totaal,1906-1910,29,
totaal,1906-1910,30,
totaal,1906-1910,31,
totaal,1906-1910,32,
totaal,1906-1910,33,
totaal,1906-1910,34,
totaal,1906-1910,35,
totaal,1906-1910,36,
totaal,1906-1910,37,
totaal,1906-1910,38,
totaal,1906-1910,39,
totaal,1906-1910,40,
totaal,1906-1910,41,
totaal,1906-1910,42,
totaal,1906-1910,43,
totaal,1906-1910,44,
totaal,1906-1910,45,
totaal,1906-1910,46,
totaal,1906-1910,47,
totaal,1906-1910,48,
totaal,1906-1910,49,
totaal,1906-1910,50,
totaal,1906-1910,51,
totaal,1906-1910,52,
totaal,1906-1910,53,
totaal,1906-1910,54,
totaal,1906-1910,55,
totaal,1906-1910,56,
totaal,1906-1910,57,
totaal,1906-1910,58,
totaal,1906-1910,59,
totaal,1906-1910,60,
totaal,1906-1910,61,43.65
totaal,1906-1910,62,41.5
totaal,1906-1910,63,37.55
totaal,1906-1910,64,31.45
totaal,1906-1910,65,10.35
totaal,1906-1910,66,7.35
totaal,1906-1910,67,5.25
totaal,1911-1915,16,
totaal,1911-1915,17,
totaal,1911-1915,18,
totaal,1911-1915,19,
totaal,1911-1915,20,
totaal,1911-1915,21,
totaal,1911-1915,22,
totaal,1911-1915,23,
totaal,1911-1915,24,
totaal,1911-1915,25,
totaal,1911-1915,26,
totaal,1911-1915,27,
totaal,1911-1915,28,
totaal,1911-1915,29,
totaal,1911-1915,30,
totaal,1911-1915,31,
totaal,1911-1915,32,
totaal,1911-1915,33,
totaal,1911-1915,34,
totaal,1911-1915,35,
totaal,1911-1915,36,
totaal,1911-1915,37,
totaal,1911-1915,38,
totaal,1911-1915,39,
totaal,1911-1915,40,
totaal,1911-1915,41,
totaal,1911-1915,42,
totaal,1911-1915,43,
totaal,1911-1915,44,
totaal,1911-1915,45,
totaal,1911-1915,46,
totaal,1911-1915,47,
totaal,1911-1915,48,
totaal,1911-1915,49,
totaal,1911-1915,50,
totaal,1911-1915,51,
totaal,1911-1915,52,
totaal,1911-1915,53,
totaal,1911-1915,54,
totaal,1911-1915,55,
totaal,1911-1915,56,52.3
totaal,1911-1915,57,51.5
totaal,1911-1915,58,47.95
totaal,1911-1915,59,46.05
totaal,1911-1915,60,42.55
totaal,1911-1915,61,37.65
totaal,1911-1915,62,32.7
totaal,1911-1915,63,28.75
totaal,1911-1915,64,20.9
totaal,1911-1915,65,6.55
totaal,1911-1915,66,4.05
totaal,1911-1915,67,4.25
totaal,1916-1920,16,
totaal,1916-1920,17,
totaal,1916-1920,18,
totaal,1916-1920,19,
totaal,1916-1920,20,
totaal,1916-1920,21,
totaal,1916-1920,22,
totaal,1916-1920,23,
totaal,1916-1920,24,
totaal,1916-1920,25,
totaal,1916-1920,26,
totaal,1916-1920,27,
totaal,1916-1920,28,
totaal,1916-1920,29,
totaal,1916-1920,30,
totaal,1916-1920,31,
totaal,1916-1920,32,
totaal,1916-1920,33,
totaal,1916-1920,34,
totaal,1916-1920,35,
totaal,1916-1920,36,
totaal,1916-1920,37,
totaal,1916-1920,38,
totaal,1916-1920,39,
totaal,1916-1920,40,
totaal,1916-1920,41,
totaal,1916-1920,42,
totaal,1916-1920,43,
totaal,1916-1920,44,
totaal,1916-1920,45,
totaal,1916-1920,46,
totaal,1916-1920,47,
totaal,1916-1920,48,
totaal,1916-1920,49,
totaal,1916-1920,50,
totaal,1916-1920,51,56.25
totaal,1916-1920,52,55.85
totaal,1916-1920,53,54.45
totaal,1916-1920,54,53.3
totaal,1916-1920,55,50.95
totaal,1916-1920,56,47.65
totaal,1916-1920,57,45.9
totaal,1916-1920,58,42.85
totaal,1916-1920,59,40.35
totaal,1916-1920,60,34.05
totaal,1916-1920,61,31.2
totaal,1916-1920,62,25.65
totaal,1916-1920,63,18.65
totaal,1916-1920,64,13.55
totaal,1916-1920,65,5.05
totaal,1916-1920,66,3.65
totaal,1916-1920,67,3.4
totaal,1921-1925,16,
totaal,1921-1925,17,
totaal,1921-1925,18,
totaal,1921-1925,19,
totaal,1921-1925,20,
totaal,1921-1925,21,
totaal,1921-1925,22,
totaal,1921-1925,23,
totaal,1921-1925,24,
totaal,1921-1925,25,
totaal,1921-1925,26,
totaal,1921-1925,27,
totaal,1921-1925,28,
totaal,1921-1925,29,
totaal,1921-1925,30,
totaal,1921-1925,31,
totaal,1921-1925,32,
totaal,1921-1925,33,
totaal,1921-1925,34,
totaal,1921-1925,35,
totaal,1921-1925,36,
totaal,1921-1925,37,
totaal,1921-1925,38,
totaal,1921-1925,39,
totaal,1921-1925,40,
totaal,1921-1925,41,
totaal,1921-1925,42,
totaal,1921-1925,43,
totaal,1921-1925,44,
totaal,1921-1925,45,
totaal,1921-1925,46,58.4
totaal,1921-1925,47,58.2
totaal,1921-1925,48,56.75
totaal,1921-1925,49,56.55
totaal,1921-1925,50,55
totaal,1921-1925,51,54.25
totaal,1921-1925,52,51.9
totaal,1921-1925,53,50.45
totaal,1921-1925,54,48.2
totaal,1921-1925,55,46.95
totaal,1921-1925,56,45.1
totaal,1921-1925,57,43.45
totaal,1921-1925,58,39.25
totaal,1921-1925,59,35.55
totaal,1921-1925,60,29.55
totaal,1921-1925,61,22.45
totaal,1921-1925,62,14.85
totaal,1921-1925,63,10.65
totaal,1921-1925,64,10.2
totaal,1921-1925,65,5.6
totaal,1921-1925,66,4.65
totaal,1921-1925,67,4.15
totaal,1926-1930,16,
totaal,1926-1930,17,
totaal,1926-1930,18,
totaal,1926-1930,19,
totaal,1926-1930,20,
totaal,1926-1930,21,
totaal,1926-1930,22,
totaal,1926-1930,23,
totaal,1926-1930,24,
totaal,1926-1930,25,
totaal,1926-1930,26,
totaal,1926-1930,27,
totaal,1926-1930,28,
totaal,1926-1930,29,
totaal,1926-1930,30,
totaal,1926-1930,31,
totaal,1926-1930,32,
totaal,1926-1930,33,
totaal,1926-1930,34,
totaal,1926-1930,35,
totaal,1926-1930,36,
totaal,1926-1930,37,
totaal,1926-1930,38,
totaal,1926-1930,39,
totaal,1926-1930,40,
totaal,1926-1930,41,59
totaal,1926-1930,42,58.6
totaal,1926-1930,43,58.6
totaal,1926-1930,44,58.4
totaal,1926-1930,45,57.1
totaal,1926-1930,46,56.5
totaal,1926-1930,47,55.15
totaal,1926-1930,48,54.05
totaal,1926-1930,49,53.65
totaal,1926-1930,50,54.05
totaal,1926-1930,51,52.25
totaal,1926-1930,52,51.35
totaal,1926-1930,53,50.75
totaal,1926-1930,54,47.95
totaal,1926-1930,55,44.65
totaal,1926-1930,56,41.55
totaal,1926-1930,57,40.1
totaal,1926-1930,58,34.85
totaal,1926-1930,59,30.9
totaal,1926-1930,60,20.7
totaal,1926-1930,61,15
totaal,1926-1930,62,11.35
totaal,1926-1930,63,9.55
totaal,1926-1930,64,8.55
totaal,1926-1930,65,4.6
totaal,1926-1930,66,3.75
totaal,1926-1930,67,3.45
totaal,1931-1935,16,
totaal,1931-1935,17,
totaal,1931-1935,18,
totaal,1931-1935,19,
totaal,1931-1935,20,
totaal,1931-1935,21,
totaal,1931-1935,22,
totaal,1931-1935,23,
totaal,1931-1935,24,
totaal,1931-1935,25,
totaal,1931-1935,26,
totaal,1931-1935,27,
totaal,1931-1935,28,
totaal,1931-1935,29,
totaal,1931-1935,30,
totaal,1931-1935,31,
totaal,1931-1935,32,
totaal,1931-1935,33,
totaal,1931-1935,34,
totaal,1931-1935,35,
totaal,1931-1935,36,58.5
totaal,1931-1935,37,58.6
totaal,1931-1935,38,58.85
totaal,1931-1935,39,59.25
totaal,1931-1935,40,58.3
totaal,1931-1935,41,57.55
totaal,1931-1935,42,57.4
totaal,1931-1935,43,56.1
totaal,1931-1935,44,56.35
totaal,1931-1935,45,56.7
totaal,1931-1935,46,56.85
totaal,1931-1935,47,56.4
totaal,1931-1935,48,55.4
totaal,1931-1935,49,54.15
totaal,1931-1935,50,52.65
totaal,1931-1935,51,51.9
totaal,1931-1935,52,50.1
totaal,1931-1935,53,48.8
totaal,1931-1935,54,47.4
totaal,1931-1935,55,45.4
totaal,1931-1935,56,42.05
totaal,1931-1935,57,38.4
totaal,1931-1935,58,34.35
totaal,1931-1935,59,27.35
totaal,1931-1935,60,16.15
totaal,1931-1935,61,12.5
totaal,1931-1935,62,10
totaal,1931-1935,63,8.25
totaal,1931-1935,64,7.75
totaal,1931-1935,65,4.7
totaal,1931-1935,66,4.05
totaal,1931-1935,67,3.2
totaal,1936-1940,16,
totaal,1936-1940,17,
totaal,1936-1940,18,
totaal,1936-1940,19,
totaal,1936-1940,20,
totaal,1936-1940,21,
totaal,1936-1940,22,
totaal,1936-1940,23,
totaal,1936-1940,24,
totaal,1936-1940,25,
totaal,1936-1940,26,
totaal,1936-1940,27,
totaal,1936-1940,28,
totaal,1936-1940,29,
totaal,1936-1940,30,
totaal,1936-1940,31,58.35
totaal,1936-1940,32,58.4
totaal,1936-1940,33,58.5
totaal,1936-1940,34,58.7
totaal,1936-1940,35,57.8
totaal,1936-1940,36,57.95
totaal,1936-1940,37,57.65
totaal,1936-1940,38,57
totaal,1936-1940,39,58.65
totaal,1936-1940,40,58.95
totaal,1936-1940,41,59.45
totaal,1936-1940,42,59.75
totaal,1936-1940,43,59.75
totaal,1936-1940,44,58.05
totaal,1936-1940,45,57.2
totaal,1936-1940,46,56.55
totaal,1936-1940,47,57.35
totaal,1936-1940,48,57.05
totaal,1936-1940,49,57.45
totaal,1936-1940,50,55.2
totaal,1936-1940,51,53.6
totaal,1936-1940,52,52.6
totaal,1936-1940,53,51.95
totaal,1936-1940,54,50.4
totaal,1936-1940,55,48.2
totaal,1936-1940,56,44.25
totaal,1936-1940,57,38.85
totaal,1936-1940,58,35.15
totaal,1936-1940,59,30
totaal,1936-1940,60,22.25
totaal,1936-1940,61,14.25
totaal,1936-1940,62,12.9
totaal,1936-1940,63,11.05
totaal,1936-1940,64,9.95
totaal,1936-1940,65,5.9
totaal,1936-1940,66,4.35
totaal,1936-1940,67,4.9
totaal,1941-1945,16,
totaal,1941-1945,17,
totaal,1941-1945,18,
totaal,1941-1945,19,
totaal,1941-1945,20,
totaal,1941-1945,21,
totaal,1941-1945,22,
totaal,1941-1945,23,
totaal,1941-1945,24,
totaal,1941-1945,25,
totaal,1941-1945,26,60.9
totaal,1941-1945,27,60.1
totaal,1941-1945,28,59.15
totaal,1941-1945,29,59
totaal,1941-1945,30,58.05
totaal,1941-1945,31,58.15
totaal,1941-1945,32,57.75
totaal,1941-1945,33,56.85
totaal,1941-1945,34,57.85
totaal,1941-1945,35,59.05
totaal,1941-1945,36,60.2
totaal,1941-1945,37,61.25
totaal,1941-1945,38,60.8
totaal,1941-1945,39,60.7
totaal,1941-1945,40,60.8
totaal,1941-1945,41,60.7
totaal,1941-1945,42,61.1
totaal,1941-1945,43,62.95
totaal,1941-1945,44,62.3
totaal,1941-1945,45,63.25
totaal,1941-1945,46,62.55
totaal,1941-1945,47,61.85
totaal,1941-1945,48,62.05
totaal,1941-1945,49,61.5
totaal,1941-1945,50,59.8
totaal,1941-1945,51,59.15
totaal,1941-1945,52,58.7
totaal,1941-1945,53,58.65
totaal,1941-1945,54,57.5
totaal,1941-1945,55,54.95
totaal,1941-1945,56,52.25
totaal,1941-1945,57,48.8
totaal,1941-1945,58,44.45
totaal,1941-1945,59,39.9
totaal,1941-1945,60,29.3
totaal,1941-1945,61,22.55
totaal,1941-1945,62,16.75
totaal,1941-1945,63,14.75
totaal,1941-1945,64,13.65
totaal,1941-1945,65,9.9
totaal,1941-1945,66,7.35
totaal,1941-1945,67,7.15
totaal,1946-1950,16,
totaal,1946-1950,17,
totaal,1946-1950,18,
totaal,1946-1950,19,
totaal,1946-1950,20,
totaal,1946-1950,21,70.7
totaal,1946-1950,22,69.8
totaal,1946-1950,23,67.55
totaal,1946-1950,24,65
totaal,1946-1950,25,61.35
totaal,1946-1950,26,59.75
totaal,1946-1950,27,59.1
totaal,1946-1950,28,57.3
totaal,1946-1950,29,57.75
totaal,1946-1950,30,58.1
totaal,1946-1950,31,58.95
totaal,1946-1950,32,59.1
totaal,1946-1950,33,59.2
totaal,1946-1950,34,59.75
totaal,1946-1950,35,59.6
totaal,1946-1950,36,59.25
totaal,1946-1950,37,60.8
totaal,1946-1950,38,63
totaal,1946-1950,39,63.1
totaal,1946-1950,40,64.15
totaal,1946-1950,41,65.1
totaal,1946-1950,42,65.45
totaal,1946-1950,43,66.15
totaal,1946-1950,44,66.9
totaal,1946-1950,45,67.65
totaal,1946-1950,46,68.15
totaal,1946-1950,47,67.85
totaal,1946-1950,48,67.95
totaal,1946-1950,49,67.35
totaal,1946-1950,50,66.65
totaal,1946-1950,51,67.05
totaal,1946-1950,52,66.5
totaal,1946-1950,53,64.9
totaal,1946-1950,54,62.95
totaal,1946-1950,55,60.1
totaal,1946-1950,56,59.05
totaal,1946-1950,57,56.65
totaal,1946-1950,58,54.4
totaal,1946-1950,59,51.1
totaal,1946-1950,60,43.65
totaal,1946-1950,61,36.5
totaal,1946-1950,62,27.95
totaal,1946-1950,63,21.8
totaal,1946-1950,64,
totaal,1946-1950,65,
totaal,1946-1950,66,
totaal,1946-1950,67,
totaal,1951-1955,16,33
totaal,1951-1955,17,49.9
totaal,1951-1955,18,60.55
totaal,1951-1955,19,66.85
totaal,1951-1955,20,66.7
totaal,1951-1955,21,65.2
totaal,1951-1955,22,65.3
totaal,1951-1955,23,64.3
totaal,1951-1955,24,64.5
totaal,1951-1955,25,63.6
totaal,1951-1955,26,62.5
totaal,1951-1955,27,62.1
totaal,1951-1955,28,60.7
totaal,1951-1955,29,60.15
totaal,1951-1955,30,59.15
totaal,1951-1955,31,58.65
totaal,1951-1955,32,59.95
totaal,1951-1955,33,62.2
totaal,1951-1955,34,63
totaal,1951-1955,35,65.05
totaal,1951-1955,36,65.05
totaal,1951-1955,37,67
totaal,1951-1955,38,68.1
totaal,1951-1955,39,68.95
totaal,1951-1955,40,69.35
totaal,1951-1955,41,69.35
totaal,1951-1955,42,70.6
totaal,1951-1955,43,71.3
totaal,1951-1955,44,72.4
totaal,1951-1955,45,72.85
totaal,1951-1955,46,74.55
totaal,1951-1955,47,73.95
totaal,1951-1955,48,73.55
totaal,1951-1955,49,73.1
totaal,1951-1955,50,72.85
totaal,1951-1955,51,71.75
totaal,1951-1955,52,70.7
totaal,1951-1955,53,71.25
totaal,1951-1955,54,71
totaal,1951-1955,55,70.05
totaal,1951-1955,56,67.9
totaal,1951-1955,57,65.95
totaal,1951-1955,58,63.35
totaal,1951-1955,59,
totaal,1951-1955,60,
totaal,1951-1955,61,
totaal,1951-1955,62,
totaal,1951-1955,63,
totaal,1951-1955,64,
totaal,1951-1955,65,
totaal,1951-1955,66,
totaal,1951-1955,67,
totaal,1956-1960,16,23.45
totaal,1956-1960,17,37.5
totaal,1956-1960,18,49.4
totaal,1956-1960,19,55.3
totaal,1956-1960,20,59.15
totaal,1956-1960,21,61.8
totaal,1956-1960,22,66.9
totaal,1956-1960,23,66.65
totaal,1956-1960,24,65.85
totaal,1956-1960,25,66.15
totaal,1956-1960,26,63.5
totaal,1956-1960,27,65.35
totaal,1956-1960,28,65.75
totaal,1956-1960,29,65.8
totaal,1956-1960,30,67.3
totaal,1956-1960,31,65.85
totaal,1956-1960,32,67.05
totaal,1956-1960,33,68.4
totaal,1956-1960,34,68.35
totaal,1956-1960,35,69.25
totaal,1956-1960,36,69.6
totaal,1956-1960,37,70.55
totaal,1956-1960,38,70.95
totaal,1956-1960,39,72.55
totaal,1956-1960,40,73.65
totaal,1956-1960,41,75.65
totaal,1956-1960,42,77.05
totaal,1956-1960,43,77.3
totaal,1956-1960,44,77.45
totaal,1956-1960,45,77.35
totaal,1956-1960,46,77.85
totaal,1956-1960,47,77.7
totaal,1956-1960,48,78.4
totaal,1956-1960,49,78.2
totaal,1956-1960,50,78.1
totaal,1956-1960,51,77.6
totaal,1956-1960,52,76.9
totaal,1956-1960,53,75.45
totaal,1956-1960,54,
totaal,1956-1960,55,
totaal,1956-1960,56,
totaal,1956-1960,57,
totaal,1956-1960,58,
totaal,1956-1960,59,
totaal,1956-1960,60,
totaal,1956-1960,61,
totaal,1956-1960,62,
totaal,1956-1960,63,
totaal,1956-1960,64,
totaal,1956-1960,65,
totaal,1956-1960,66,
totaal,1956-1960,67,
totaal,1961-1965,16,6.75
totaal,1961-1965,17,19.3
totaal,1961-1965,18,33.05
totaal,1961-1965,19,46.65
totaal,1961-1965,20,52.8
totaal,1961-1965,21,57.8
totaal,1961-1965,22,63.1
totaal,1961-1965,23,66.75
totaal,1961-1965,24,68.45
totaal,1961-1965,25,71.5
totaal,1961-1965,26,72.6
totaal,1961-1965,27,73.5
totaal,1961-1965,28,74
totaal,1961-1965,29,73.1
totaal,1961-1965,30,72.4
totaal,1961-1965,31,72.6
totaal,1961-1965,32,72.65
totaal,1961-1965,33,73.35
totaal,1961-1965,34,74.6
totaal,1961-1965,35,75.6
totaal,1961-1965,36,76.6
totaal,1961-1965,37,76.25
totaal,1961-1965,38,76.8
totaal,1961-1965,39,78
totaal,1961-1965,40,77.7
totaal,1961-1965,41,78.15
totaal,1961-1965,42,78.3
totaal,1961-1965,43,79.45
totaal,1961-1965,44,80.75
totaal,1961-1965,45,80.95
totaal,1961-1965,46,80.9
totaal,1961-1965,47,81.4
totaal,1961-1965,48,79.95
totaal,1961-1965,49,
totaal,1961-1965,50,
totaal,1961-1965,51,
totaal,1961-1965,52,
totaal,1961-1965,53,
totaal,1961-1965,54,
totaal,1961-1965,55,
totaal,1961-1965,56,
totaal,1961-1965,57,
totaal,1961-1965,58,
totaal,1961-1965,59,
totaal,1961-1965,60,
totaal,1961-1965,61,
totaal,1961-1965,62,
totaal,1961-1965,63,
totaal,1961-1965,64,
totaal,1961-1965,65,
totaal,1961-1965,66,
totaal,1961-1965,67,
totaal,1966-1970,16,2.7
totaal,1966-1970,17,13.3
totaal,1966-1970,18,27.1
totaal,1966-1970,19,38.9
totaal,1966-1970,20,50.05
totaal,1966-1970,21,57.25
totaal,1966-1970,22,62.7
totaal,1966-1970,23,67.3
totaal,1966-1970,24,70.45
totaal,1966-1970,25,73.6
totaal,1966-1970,26,76.85
totaal,1966-1970,27,77.35
totaal,1966-1970,28,78.5
totaal,1966-1970,29,79.35
totaal,1966-1970,30,79.95
totaal,1966-1970,31,80.1
totaal,1966-1970,32,79.95
totaal,1966-1970,33,79.75
totaal,1966-1970,34,78.55
totaal,1966-1970,35,78.85
totaal,1966-1970,36,79
totaal,1966-1970,37,79.75
totaal,1966-1970,38,80.85
totaal,1966-1970,39,81.8
totaal,1966-1970,40,82.45
totaal,1966-1970,41,82.65
totaal,1966-1970,42,82.2
totaal,1966-1970,43,83
totaal,1966-1970,44,
totaal,1966-1970,45,
totaal,1966-1970,46,
totaal,1966-1970,47,
totaal,1966-1970,48,
totaal,1966-1970,49,
totaal,1966-1970,50,
totaal,1966-1970,51,
totaal,1966-1970,52,
totaal,1966-1970,53,
totaal,1966-1970,54,
totaal,1966-1970,55,
totaal,1966-1970,56,
totaal,1966-1970,57,
totaal,1966-1970,58,
totaal,1966-1970,59,
totaal,1966-1970,60,
totaal,1966-1970,61,
totaal,1966-1970,62,
totaal,1966-1970,63,
totaal,1966-1970,64,
totaal,1966-1970,65,
totaal,1966-1970,66,
totaal,1966-1970,67,
totaal,1971-1975,16,7.45
totaal,1971-1975,17,15.5
totaal,1971-1975,18,25.5
totaal,1971-1975,19,35.65
totaal,1971-1975,20,44.25
totaal,1971-1975,21,52.3
totaal,1971-1975,22,59.6
totaal,1971-1975,23,66.45
totaal,1971-1975,24,72.25
totaal,1971-1975,25,77.8
totaal,1971-1975,26,81.65
totaal,1971-1975,27,82
totaal,1971-1975,28,82.6
totaal,1971-1975,29,82.35
totaal,1971-1975,30,81.6
totaal,1971-1975,31,81.3
totaal,1971-1975,32,82
totaal,1971-1975,33,82.65
totaal,1971-1975,34,83.6
totaal,1971-1975,35,83.55
totaal,1971-1975,36,84
totaal,1971-1975,37,83.7
totaal,1971-1975,38,82.55
totaal,1971-1975,39,
totaal,1971-1975,40,
totaal,1971-1975,41,
totaal,1971-1975,42,
totaal,1971-1975,43,
totaal,1971-1975,44,
totaal,1971-1975,45,
totaal,1971-1975,46,
totaal,1971-1975,47,
totaal,1971-1975,48,
totaal,1971-1975,49,
totaal,1971-1975,50,
totaal,1971-1975,51,
totaal,1971-1975,52,
totaal,1971-1975,53,
totaal,1971-1975,54,
totaal,1971-1975,55,
totaal,1971-1975,56,
totaal,1971-1975,57,
totaal,1971-1975,58,
totaal,1971-1975,59,
totaal,1971-1975,60,
totaal,1971-1975,61,
totaal,1971-1975,62,
totaal,1971-1975,63,
totaal,1971-1975,64,
totaal,1971-1975,65,
totaal,1971-1975,66,
totaal,1971-1975,67,
totaal,1976-1980,16,7.25
totaal,1976-1980,17,15.05
totaal,1976-1980,18,26.15
totaal,1976-1980,19,36.9
totaal,1976-1980,20,49.9
totaal,1976-1980,21,56.6
totaal,1976-1980,22,63
totaal,1976-1980,23,69.15
totaal,1976-1980,24,73.35
totaal,1976-1980,25,77.15
totaal,1976-1980,26,80.3
totaal,1976-1980,27,82.25
totaal,1976-1980,28,84.1
totaal,1976-1980,29,84.8
totaal,1976-1980,30,85.45
totaal,1976-1980,31,85.85
totaal,1976-1980,32,86.15
totaal,1976-1980,33,86.15
totaal,1976-1980,34,
totaal,1976-1980,35,
totaal,1976-1980,36,
totaal,1976-1980,37,
totaal,1976-1980,38,
totaal,1976-1980,39,
totaal,1976-1980,40,
totaal,1976-1980,41,
totaal,1976-1980,42,
totaal,1976-1980,43,
totaal,1976-1980,44,
totaal,1976-1980,45,
totaal,1976-1980,46,
totaal,1976-1980,47,
totaal,1976-1980,48,
totaal,1976-1980,49,
totaal,1976-1980,50,
totaal,1976-1980,51,
totaal,1976-1980,52,
totaal,1976-1980,53,
totaal,1976-1980,54,
totaal,1976-1980,55,
totaal,1976-1980,56,
totaal,1976-1980,57,
totaal,1976-1980,58,
totaal,1976-1980,59,
totaal,1976-1980,60,
totaal,1976-1980,61,
totaal,1976-1980,62,
totaal,1976-1980,63,
totaal,1976-1980,64,
totaal,1976-1980,65,
totaal,1976-1980,66,
totaal,1976-1980,67,
totaal,1981-1985,16,11.75
totaal,1981-1985,17,23.6
totaal,1981-1985,18,35.15
totaal,1981-1985,19,42.1
totaal,1981-1985,20,47.8
totaal,1981-1985,21,53.3
totaal,1981-1985,22,60.55
totaal,1981-1985,23,66.65
totaal,1981-1985,24,72.5
totaal,1981-1985,25,78.55
totaal,1981-1985,26,82.35
totaal,1981-1985,27,83.4
totaal,1981-1985,28,84.5
totaal,1981-1985,29,
totaal,1981-1985,30,
totaal,1981-1985,31,
totaal,1981-1985,32,
totaal,1981-1985,33,
totaal,1981-1985,34,
totaal,1981-1985,35,
totaal,1981-1985,36,
totaal,1981-1985,37,
totaal,1981-1985,38,
totaal,1981-1985,39,
totaal,1981-1985,40,
totaal,1981-1985,41,
totaal,1981-1985,42,
totaal,1981-1985,43,
totaal,1981-1985,44,
totaal,1981-1985,45,
totaal,1981-1985,46,
totaal,1981-1985,47,
totaal,1981-1985,48,
totaal,1981-1985,49,
totaal,1981-1985,50,
totaal,1981-1985,51,
totaal,1981-1985,52,
totaal,1981-1985,53,
totaal,1981-1985,54,
totaal,1981-1985,55,
totaal,1981-1985,56,
totaal,1981-1985,57,
totaal,1981-1985,58,
totaal,1981-1985,59,
totaal,1981-1985,60,
totaal,1981-1985,61,
totaal,1981-1985,62,
totaal,1981-1985,63,
totaal,1981-1985,64,
totaal,1981-1985,65,
totaal,1981-1985,66,
totaal,1981-1985,67,
totaal,1986-1990,16,10.7
totaal,1986-1990,17,20.75
totaal,1986-1990,18,30.65
totaal,1986-1990,19,38.5
totaal,1986-1990,20,45.75
totaal,1986-1990,21,53.2
totaal,1986-1990,22,57.9
totaal,1986-1990,23,63.2
totaal,1986-1990,24,
totaal,1986-1990,25,
totaal,1986-1990,26,
totaal,1986-1990,27,
totaal,1986-1990,28,
totaal,1986-1990,29,
totaal,1986-1990,30,
totaal,1986-1990,31,
totaal,1986-1990,32,
totaal,1986-1990,33,
totaal,1986-1990,34,
totaal,1986-1990,35,
totaal,1986-1990,36,
totaal,1986-1990,37,
totaal,1986-1990,38,
totaal,1986-1990,39,
totaal,1986-1990,40,
totaal,1986-1990,41,
totaal,1986-1990,42,
totaal,1986-1990,43,
totaal,1986-1990,44,
totaal,1986-1990,45,
totaal,1986-1990,46,
totaal,1986-1990,47,
totaal,1986-1990,48,
totaal,1986-1990,49,
totaal,1986-1990,50,
totaal,1986-1990,51,
totaal,1986-1990,52,
totaal,1986-1990,53,
totaal,1986-1990,54,
totaal,1986-1990,55,
totaal,1986-1990,56,
totaal,1986-1990,57,
totaal,1986-1990,58,
totaal,1986-1990,59,
totaal,1986-1990,60,
totaal,1986-1990,61,
totaal,1986-1990,62,
totaal,1986-1990,63,
totaal,1986-1990,64,
totaal,1986-1990,65,
totaal,1986-1990,66,
totaal,1986-1990,67,
