gender,age,year,prognosis
Male,00-05,2011,471224
Female,00-05,2011,449468
TOTAL,00-05,2011,920692
Male,05-10,2011,503833
Female,05-10,2011,481119
TOTAL,05-10,2011,984951
Male,10-15,2011,511049
Female,10-15,2011,487904
TOTAL,10-15,2011,998953
Male,15-20,2011,514797
Female,15-20,2011,492087
TOTAL,15-20,2011,1006884
Male,20-25,2011,522895
Female,20-25,2011,510624
TOTAL,20-25,2011,1033519
Male,25-30,2011,504698
Female,25-30,2011,497314
TOTAL,25-30,2011,1002012
Male,30-35,2011,504344
Female,30-35,2011,501441
TOTAL,30-35,2011,1005785
Male,35-40,2011,561192
Female,35-40,2011,561261
TOTAL,35-40,2011,1122453
Male,40-45,2011,654113
Female,40-45,2011,642135
TOTAL,40-45,2011,1296248
Male,45-50,2011,655448
Female,45-50,2011,642863
TOTAL,45-50,2011,1298311
Male,50-55,2011,600816
Female,50-55,2011,595157
TOTAL,50-55,2011,1195973
Male,55-60,2011,547009
Female,55-60,2011,543425
TOTAL,55-60,2011,1090433
Male,60-65,2011,553282
Female,60-65,2011,550016
TOTAL,60-65,2011,1103299
Male,65-70,2011,390922
Female,65-70,2011,399775
TOTAL,65-70,2011,790697
Male,70-75,2011,302317
Female,70-75,2011,334943
TOTAL,70-75,2011,637260
Male,75-80,2011,219265
Female,75-80,2011,280306
TOTAL,75-80,2011,499571
Male,80-85,2011,139167
Female,80-85,2011,221418
TOTAL,80-85,2011,360585
Male,85-90,2011,67012
Female,85-90,2011,144990
TOTAL,85-90,2011,212002
Male,90-95,2011,18845
Female,90-95,2011,57504
TOTAL,90-95,2011,76349
Male,95+,2011,3246
Female,95+,2011,15232
TOTAL,95+,2011,18478
Male,TOTAL,2011,8245473
Female,TOTAL,2011,8408981
TOTAL,TOTAL,2011,16654454
Male,00-05,2012,469386
Female,00-05,2012,447980
TOTAL,00-05,2012,917367
Male,05-10,2012,495666
Female,05-10,2012,472766
TOTAL,05-10,2012,968433
Male,10-15,2012,515962
Female,10-15,2012,493932
TOTAL,10-15,2012,1009894
Male,15-20,2012,511177
Female,15-20,2012,487220
TOTAL,15-20,2012,998397
Male,20-25,2012,530621
Female,20-25,2012,517639
TOTAL,20-25,2012,1048260
Male,25-30,2012,510425
Female,25-30,2012,502275
TOTAL,25-30,2012,1012700
Male,30-35,2012,506955
Female,30-35,2012,504646
TOTAL,30-35,2012,1011601
Male,35-40,2012,536946
Female,35-40,2012,537348
TOTAL,35-40,2012,1074293
Male,40-45,2012,649463
Female,40-45,2012,640023
TOTAL,40-45,2012,1289486
Male,45-50,2012,655412
Female,45-50,2012,642079
TOTAL,45-50,2012,1297490
Male,50-55,2012,610388
Female,50-55,2012,605412
TOTAL,50-55,2012,1215801
Male,55-60,2012,553624
Female,55-60,2012,550964
TOTAL,55-60,2012,1104588
Male,60-65,2012,535972
Female,60-65,2012,534054
TOTAL,60-65,2012,1070026
Male,65-70,2012,432872
Female,65-70,2012,440878
TOTAL,65-70,2012,873751
Male,70-75,2012,309661
Female,70-75,2012,339688
TOTAL,70-75,2012,649349
Male,75-80,2012,224373
Female,75-80,2012,282153
TOTAL,75-80,2012,506526
Male,80-85,2012,144218
Female,80-85,2012,224211
TOTAL,80-85,2012,368429
Male,85-90,2012,69368
Female,85-90,2012,146126
TOTAL,85-90,2012,215495
Male,90-95,2012,20789
Female,90-95,2012,61326
TOTAL,90-95,2012,82115
Male,95+,2012,3402
Female,95+,2012,15720
TOTAL,95+,2012,19121
Male,TOTAL,2012,8286680
Female,TOTAL,2012,8446441
TOTAL,TOTAL,2012,16733121
Male,00-05,2013,469251
Female,00-05,2013,447263
TOTAL,00-05,2013,916514
Male,05-10,2013,486027
Female,05-10,2013,464285
TOTAL,05-10,2013,950312
Male,10-15,2013,520247
Female,10-15,2013,497181
TOTAL,10-15,2013,1017429
Male,15-20,2013,508221
Female,15-20,2013,485512
TOTAL,15-20,2013,993733
Male,20-25,2013,535545
Female,20-25,2013,522872
TOTAL,20-25,2013,1058418
Male,25-30,2013,519228
Female,25-30,2013,510089
TOTAL,25-30,2013,1029318
Male,30-35,2013,509004
Female,30-35,2013,505703
TOTAL,30-35,2013,1014707
Male,35-40,2013,518234
Female,35-40,2013,518013
TOTAL,35-40,2013,1036247
Male,40-45,2013,639254
Female,40-45,2013,633782
TOTAL,40-45,2013,1273035
Male,45-50,2013,653233
Female,45-50,2013,639800
TOTAL,45-50,2013,1293033
Male,50-55,2013,619742
Female,50-55,2013,614592
TOTAL,50-55,2013,1234334
Male,55-60,2013,558320
Female,55-60,2013,556987
TOTAL,55-60,2013,1115307
Male,60-65,2013,526662
Female,60-65,2013,524948
TOTAL,60-65,2013,1051610
Male,65-70,2013,466336
Female,65-70,2013,475231
TOTAL,65-70,2013,941566
Male,70-75,2013,319730
Female,70-75,2013,347373
TOTAL,70-75,2013,667103
Male,75-80,2013,228778
Female,75-80,2013,283280
TOTAL,75-80,2013,512059
Male,80-85,2013,149772
Female,80-85,2013,228239
TOTAL,80-85,2013,378011
Male,85-90,2013,71853
Female,85-90,2013,146952
TOTAL,85-90,2013,218805
Male,90-95,2013,22512
Female,90-95,2013,64583
TOTAL,90-95,2013,87095
Male,95+,2013,3594
Female,95+,2013,16302
TOTAL,95+,2013,19896
Male,TOTAL,2013,8325542
Female,TOTAL,2013,8482988
TOTAL,TOTAL,2013,16808530
Male,00-05,2014,466811
Female,00-05,2014,445397
TOTAL,00-05,2014,912208
Male,05-10,2014,478870
Female,05-10,2014,457152
TOTAL,05-10,2014,936022
Male,10-15,2014,520446
Female,10-15,2014,497367
TOTAL,10-15,2014,1017812
Male,15-20,2014,509825
Female,15-20,2014,486853
TOTAL,15-20,2014,996678
Male,20-25,2014,539159
Female,20-25,2014,526644
TOTAL,20-25,2014,1065804
Male,25-30,2014,527785
Female,25-30,2014,518386
TOTAL,25-30,2014,1046172
Male,30-35,2014,508728
Female,30-35,2014,504785
TOTAL,30-35,2014,1013513
Male,35-40,2014,509636
Female,35-40,2014,509406
TOTAL,35-40,2014,1019042
Male,40-45,2014,619481
Female,40-45,2014,616860
TOTAL,40-45,2014,1236342
Male,45-50,2014,649049
Female,45-50,2014,637378
TOTAL,45-50,2014,1286427
Male,50-55,2014,629298
Female,50-55,2014,623290
TOTAL,50-55,2014,1252589
Male,55-60,2014,565891
Female,55-60,2014,565168
TOTAL,55-60,2014,1131059
Male,60-65,2014,522033
Female,60-65,2014,522101
TOTAL,60-65,2014,1044134
Male,65-70,2014,488163
Female,65-70,2014,496993
TOTAL,65-70,2014,985156
Male,70-75,2014,331544
Female,70-75,2014,357381
TOTAL,70-75,2014,688925
Male,75-80,2014,237247
Female,75-80,2014,289140
TOTAL,75-80,2014,526388
Male,80-85,2014,153764
Female,80-85,2014,229387
TOTAL,80-85,2014,383152
Male,85-90,2014,74722
Female,85-90,2014,148469
TOTAL,85-90,2014,223191
Male,90-95,2014,24290
Female,90-95,2014,68352
TOTAL,90-95,2014,92641
Male,95+,2014,3762
Female,95+,2014,16739
TOTAL,95+,2014,20501
Male,TOTAL,2014,8360505
Female,TOTAL,2014,8517249
TOTAL,TOTAL,2014,16877754
Male,00-05,2015,464641
Female,00-05,2015,443150
TOTAL,00-05,2015,907790
Male,05-10,2015,474939
Female,05-10,2015,453219
TOTAL,05-10,2015,928158
Male,10-15,2015,515946
Female,10-15,2015,493930
TOTAL,10-15,2015,1009876
Male,15-20,2015,511763
Female,15-20,2015,488478
TOTAL,15-20,2015,1000241
Male,20-25,2015,541877
Female,20-25,2015,528803
TOTAL,20-25,2015,1070680
Male,25-30,2015,534027
Female,25-30,2015,525632
TOTAL,25-30,2015,1059659
Male,30-35,2015,511048
Female,30-35,2015,506504
TOTAL,30-35,2015,1017551
Male,35-40,2015,504578
Female,35-40,2015,504133
TOTAL,35-40,2015,1008711
Male,40-45,2015,590431
Female,40-45,2015,590660
TOTAL,40-45,2015,1181091
Male,45-50,2015,648589
Female,45-50,2015,638364
TOTAL,45-50,2015,1286953
Male,50-55,2015,637487
Female,50-55,2015,630806
TOTAL,50-55,2015,1268293
Male,55-60,2015,574834
Female,55-60,2015,575102
TOTAL,55-60,2015,1149936
Male,60-65,2015,522411
Female,60-65,2015,523619
TOTAL,60-65,2015,1046031
Male,65-70,2015,502169
Female,65-70,2015,511051
TOTAL,65-70,2015,1013220
Male,70-75,2015,345698
Female,70-75,2015,370108
TOTAL,70-75,2015,715806
Male,75-80,2015,245570
Female,75-80,2015,295472
TOTAL,75-80,2015,541043
Male,80-85,2015,158260
Female,80-85,2015,231439
TOTAL,80-85,2015,389698
Male,85-90,2015,77952
Female,85-90,2015,150187
TOTAL,85-90,2015,228139
Male,90-95,2015,25605
Female,90-95,2015,71216
TOTAL,90-95,2015,96821
Male,95+,2015,4035
Female,95+,2015,17471
TOTAL,95+,2015,21506
Male,TOTAL,2015,8391858
Female,TOTAL,2015,8549345
TOTAL,TOTAL,2015,16941202
Male,00-05,2016,463947
Female,00-05,2016,442526
TOTAL,00-05,2016,906472
Male,05-10,2016,472567
Female,05-10,2016,451078
TOTAL,05-10,2016,923645
Male,10-15,2016,506677
Female,10-15,2016,484466
TOTAL,10-15,2016,991143
Male,15-20,2016,518387
Female,15-20,2016,495492
TOTAL,15-20,2016,1013878
Male,20-25,2016,537108
Female,20-25,2016,524799
TOTAL,20-25,2016,1061908
Male,25-30,2016,543478
Female,25-30,2016,534298
TOTAL,25-30,2016,1077775
Male,30-35,2016,511207
Female,30-35,2016,506811
TOTAL,30-35,2016,1018019
Male,35-40,2016,506912
Female,35-40,2016,506257
TOTAL,35-40,2016,1013169
Male,40-45,2016,560624
Female,40-45,2016,562783
TOTAL,40-45,2016,1123407
Male,45-50,2016,646771
Female,45-50,2016,639322
TOTAL,45-50,2016,1286092
Male,50-55,2016,642418
Female,50-55,2016,635142
TOTAL,50-55,2016,1277561
Male,55-60,2016,584054
Female,55-60,2016,583683
TOTAL,55-60,2016,1167737
Male,60-65,2016,525155
Female,60-65,2016,528463
TOTAL,60-65,2016,1053618
Male,65-70,2016,517557
Female,65-70,2016,527237
TOTAL,65-70,2016,1044794
Male,70-75,2016,353511
Female,70-75,2016,376861
TOTAL,70-75,2016,730372
Male,75-80,2016,255396
Female,75-80,2016,303474
TOTAL,75-80,2016,558870
Male,80-85,2016,162106
Female,80-85,2016,232220
TOTAL,80-85,2016,394326
Male,85-90,2016,82002
Female,85-90,2016,153691
TOTAL,85-90,2016,235694
Male,90-95,2016,26693
Female,90-95,2016,72345
TOTAL,90-95,2016,99038
Male,95+,2016,4615
Female,95+,2016,19185
TOTAL,95+,2016,23800
Male,TOTAL,2016,8421184
Female,TOTAL,2016,8580132
TOTAL,TOTAL,2016,17001316
Male,00-05,2017,464444
Female,00-05,2017,443015
TOTAL,00-05,2017,907460
Male,05-10,2017,470394
Female,05-10,2017,449389
TOTAL,05-10,2017,919782
Male,10-15,2017,498006
Female,10-15,2017,475710
TOTAL,10-15,2017,973716
Male,15-20,2017,522999
Female,15-20,2017,501258
TOTAL,15-20,2017,1024257
Male,20-25,2017,533087
Female,20-25,2017,519743
TOTAL,20-25,2017,1052829
Male,25-30,2017,549925
Female,25-30,2017,540288
TOTAL,25-30,2017,1090213
Male,30-35,2017,515359
Female,30-35,2017,510788
TOTAL,30-35,2017,1026147
Male,35-40,2017,507953
Female,35-40,2017,508721
TOTAL,35-40,2017,1016673
Male,40-45,2017,536324
Female,40-45,2017,539002
TOTAL,40-45,2017,1075326
Male,45-50,2017,641891
Female,45-50,2017,636958
TOTAL,45-50,2017,1278849
Male,50-55,2017,641938
Female,50-55,2017,634244
TOTAL,50-55,2017,1276182
Male,55-60,2017,593117
Female,55-60,2017,593673
TOTAL,55-60,2017,1186791
Male,60-65,2017,531477
Female,60-65,2017,535765
TOTAL,60-65,2017,1067241
Male,65-70,2017,501859
Female,65-70,2017,512098
TOTAL,65-70,2017,1013956
Male,70-75,2017,392417
Female,70-75,2017,416003
TOTAL,70-75,2017,808420
Male,75-80,2017,262544
Female,75-80,2017,308205
TOTAL,75-80,2017,570749
Male,80-85,2017,166901
Female,80-85,2017,234519
TOTAL,80-85,2017,401419
Male,85-90,2017,85656
Female,85-90,2017,156478
TOTAL,85-90,2017,242134
Male,90-95,2017,27925
Female,90-95,2017,73483
TOTAL,90-95,2017,101408
Male,95+,2017,5121
Female,95+,2017,20663
TOTAL,95+,2017,25784
Male,TOTAL,2017,8449335
Female,TOTAL,2017,8610002
TOTAL,TOTAL,2017,17059338
Male,00-05,2018,465939
Female,00-05,2018,444423
TOTAL,00-05,2018,910363
Male,05-10,2018,470005
Female,05-10,2018,448512
TOTAL,05-10,2018,918518
Male,10-15,2018,487928
Female,10-15,2018,466806
TOTAL,10-15,2018,954734
Male,15-20,2018,527020
Female,15-20,2018,504287
TOTAL,15-20,2018,1031307
Male,20-25,2018,529963
Female,20-25,2018,517866
TOTAL,20-25,2018,1047829
Male,25-30,2018,553848
Female,25-30,2018,544586
TOTAL,25-30,2018,1098434
Male,30-35,2018,522984
Female,30-35,2018,517589
TOTAL,30-35,2018,1040574
Male,35-40,2018,508460
Female,35-40,2018,508965
TOTAL,35-40,2018,1017425
Male,40-45,2018,517378
Female,40-45,2018,519600
TOTAL,40-45,2018,1036978
Male,45-50,2018,631515
Female,45-50,2018,630477
TOTAL,45-50,2018,1261992
Male,50-55,2018,639470
Female,50-55,2018,631824
TOTAL,50-55,2018,1271293
Male,55-60,2018,601860
Female,55-60,2018,602542
TOTAL,55-60,2018,1204402
Male,60-65,2018,536020
Female,60-65,2018,541602
TOTAL,60-65,2018,1077621
Male,65-70,2018,493610
Female,65-70,2018,503511
TOTAL,65-70,2018,997121
Male,70-75,2018,423469
Female,70-75,2018,448664
TOTAL,70-75,2018,872133
Male,75-80,2018,272002
Female,75-80,2018,315563
TOTAL,75-80,2018,587565
Male,80-85,2018,171192
Female,80-85,2018,236209
TOTAL,80-85,2018,407402
Male,85-90,2018,89626
Female,85-90,2018,160027
TOTAL,85-90,2018,249653
Male,90-95,2018,29219
Female,90-95,2018,74398
TOTAL,90-95,2018,103617
Male,95+,2018,5565
Female,95+,2018,21898
TOTAL,95+,2018,27462
Male,TOTAL,2018,8477072
Female,TOTAL,2018,8639349
TOTAL,TOTAL,2018,17116422
Male,00-05,2019,468098
Female,00-05,2019,446451
TOTAL,00-05,2019,914550
Male,05-10,2019,467561
Female,05-10,2019,446630
TOTAL,05-10,2019,914192
Male,10-15,2019,480510
Female,10-15,2019,459402
TOTAL,10-15,2019,939912
Male,15-20,2019,527071
Female,15-20,2019,504300
TOTAL,15-20,2019,1031371
Male,20-25,2019,531488
Female,20-25,2019,519095
TOTAL,20-25,2019,1050583
Male,25-30,2019,557109
Female,25-30,2019,547979
TOTAL,25-30,2019,1105088
Male,30-35,2019,530715
Female,30-35,2019,524982
TOTAL,30-35,2019,1055696
Male,35-40,2019,507158
Female,35-40,2019,507458
TOTAL,35-40,2019,1014616
Male,40-45,2019,508437
Female,40-45,2019,510755
TOTAL,40-45,2019,1019191
Male,45-50,2019,612118
Female,45-50,2019,613643
TOTAL,45-50,2019,1225761
Male,50-55,2019,635202
Female,50-55,2019,629280
TOTAL,50-55,2019,1264482
Male,55-60,2019,610929
Female,55-60,2019,610964
TOTAL,55-60,2019,1221893
Male,60-65,2019,543352
Female,60-65,2019,549556
TOTAL,60-65,2019,1092908
Male,65-70,2019,489745
Female,65-70,2019,500918
TOTAL,65-70,2019,990663
Male,70-75,2019,443907
Female,70-75,2019,469350
TOTAL,70-75,2019,913257
Male,75-80,2019,283201
Female,75-80,2019,325194
TOTAL,75-80,2019,608395
Male,80-85,2019,178576
Female,80-85,2019,241826
TOTAL,80-85,2019,420403
Male,85-90,2019,92632
Female,85-90,2019,161498
TOTAL,85-90,2019,254129
Male,90-95,2019,30733
Female,90-95,2019,75868
TOTAL,90-95,2019,106601
Male,95+,2019,6016
Female,95+,2019,23223
TOTAL,95+,2019,29239
Male,TOTAL,2019,8504558
Female,TOTAL,2019,8668370
TOTAL,TOTAL,2019,17172928
Male,00-05,2020,470737
Female,00-05,2020,448905
TOTAL,00-05,2020,919643
Male,05-10,2020,465524
Female,05-10,2020,444444
TOTAL,05-10,2020,909968
Male,10-15,2020,476581
Female,10-15,2020,455422
TOTAL,10-15,2020,932003
Male,15-20,2020,522566
Female,15-20,2020,500802
TOTAL,15-20,2020,1023368
Male,20-25,2020,533584
Female,20-25,2020,520763
TOTAL,20-25,2020,1054347
Male,25-30,2020,559837
Female,25-30,2020,550099
TOTAL,25-30,2020,1109936
Male,30-35,2020,536672
Female,30-35,2020,531619
TOTAL,30-35,2020,1068291
Male,35-40,2020,508737
Female,35-40,2020,508597
TOTAL,35-40,2020,1017334
Male,40-45,2020,503152
Female,40-45,2020,505357
TOTAL,40-45,2020,1008509
Male,45-50,2020,583889
Female,45-50,2020,587706
TOTAL,45-50,2020,1171595
Male,50-55,2020,634830
Female,50-55,2020,630208
TOTAL,50-55,2020,1265038
Male,55-60,2020,618775
Female,55-60,2020,618219
TOTAL,55-60,2020,1236993
Male,60-65,2020,552099
Female,60-65,2020,559247
TOTAL,60-65,2020,1111346
Male,65-70,2020,490568
Female,65-70,2020,502512
TOTAL,65-70,2020,993080
Male,70-75,2020,457208
Female,70-75,2020,482748
TOTAL,70-75,2020,939956
Male,75-80,2020,296422
Female,75-80,2020,337309
TOTAL,75-80,2020,633731
Male,80-85,2020,185855
Female,80-85,2020,247825
TOTAL,80-85,2020,433681
Male,85-90,2020,95992
Female,85-90,2020,163602
TOTAL,85-90,2020,259594
Male,90-95,2020,32360
Female,90-95,2020,77359
TOTAL,90-95,2020,109719
Male,95+,2020,6368
Female,95+,2020,24281
TOTAL,95+,2020,30649
Male,TOTAL,2020,8531754
Female,TOTAL,2020,8697026
TOTAL,TOTAL,2020,17228780
Male,00-05,2021,473697
Female,00-05,2021,451652
TOTAL,00-05,2021,925349
Male,05-10,2021,464968
Female,05-10,2021,443862
TOTAL,05-10,2021,908830
Male,10-15,2021,474300
Female,10-15,2021,453287
TOTAL,10-15,2021,927587
Male,15-20,2021,513371
Female,15-20,2021,491344
TOTAL,15-20,2021,1004715
Male,20-25,2021,540251
Female,20-25,2021,527692
TOTAL,20-25,2021,1067943
Male,25-30,2021,555571
Female,25-30,2021,546406
TOTAL,25-30,2021,1101978
Male,30-35,2021,545765
Female,30-35,2021,539760
TOTAL,30-35,2021,1085526
Male,35-40,2021,508651
Female,35-40,2021,508574
TOTAL,35-40,2021,1017225
Male,40-45,2021,505217
Female,40-45,2021,507220
TOTAL,40-45,2021,1012437
Male,45-50,2021,555029
Female,45-50,2021,560249
TOTAL,45-50,2021,1115278
Male,50-55,2021,633241
Female,50-55,2021,631069
TOTAL,50-55,2021,1264310
Male,55-60,2021,623644
Female,55-60,2021,622462
TOTAL,55-60,2021,1246106
Male,60-65,2021,561065
Female,60-65,2021,567604
TOTAL,60-65,2021,1128669
Male,65-70,2021,493627
Female,65-70,2021,507313
TOTAL,65-70,2021,1000940
Male,70-75,2021,471563
Female,70-75,2021,498002
TOTAL,70-75,2021,969565
Male,75-80,2021,304064
Female,75-80,2021,343870
TOTAL,75-80,2021,647934
Male,80-85,2021,194273
Female,80-85,2021,255165
TOTAL,80-85,2021,449438
Male,85-90,2021,99073
Female,85-90,2021,164905
TOTAL,85-90,2021,263978
Male,90-95,2021,34398
Female,90-95,2021,79775
TOTAL,90-95,2021,114173
Male,95+,2021,6753
Female,95+,2021,25061
TOTAL,95+,2021,31814
Male,TOTAL,2021,8558519
Female,TOTAL,2021,8725275
TOTAL,TOTAL,2021,17283794
Male,00-05,2022,476727
Female,00-05,2022,454471
TOTAL,00-05,2022,931198
Male,05-10,2022,465627
Female,05-10,2022,444400
TOTAL,05-10,2022,910027
Male,10-15,2022,472267
Female,10-15,2022,451647
TOTAL,10-15,2022,923914
Male,15-20,2022,504750
Female,15-20,2022,482552
TOTAL,15-20,2022,987303
Male,20-25,2022,545034
Female,20-25,2022,533475
TOTAL,20-25,2022,1078508
Male,25-30,2022,551993
Female,25-30,2022,541663
TOTAL,25-30,2022,1093656
Male,30-35,2022,552087
Female,30-35,2022,545440
TOTAL,30-35,2022,1097527
Male,35-40,2022,512641
Female,35-40,2022,512239
TOTAL,35-40,2022,1024880
Male,40-45,2022,506038
Female,40-45,2022,509447
TOTAL,40-45,2022,1015485
Male,45-50,2022,531528
Female,45-50,2022,536851
TOTAL,45-50,2022,1068380
Male,50-55,2022,628754
Female,50-55,2022,628678
TOTAL,50-55,2022,1257431
Male,55-60,2022,623288
Female,55-60,2022,621608
TOTAL,55-60,2022,1244897
Male,60-65,2022,570041
Female,60-65,2022,577416
TOTAL,60-65,2022,1147458
Male,65-70,2022,499989
Female,65-70,2022,514424
TOTAL,65-70,2022,1014413
Male,70-75,2022,458096
Female,70-75,2022,483998
TOTAL,70-75,2022,942094
Male,75-80,2022,339093
Female,75-80,2022,380369
TOTAL,75-80,2022,719463
Male,80-85,2022,200516
Female,80-85,2022,259607
TOTAL,80-85,2022,460122
Male,85-90,2022,102733
Female,85-90,2022,167251
TOTAL,85-90,2022,269984
Male,90-95,2022,36218
Female,90-95,2022,81674
TOTAL,90-95,2022,117893
Male,95+,2022,7164
Female,95+,2022,25791
TOTAL,95+,2022,32955
Male,TOTAL,2022,8584586
Female,TOTAL,2022,8753001
TOTAL,TOTAL,2022,17337586
Male,00-05,2023,479687
Female,00-05,2023,457216
TOTAL,00-05,2023,936904
Male,05-10,2023,467258
Female,05-10,2023,445852
TOTAL,05-10,2023,913110
Male,10-15,2023,472034
Female,10-15,2023,450839
TOTAL,10-15,2023,922873
Male,15-20,2023,494731
Female,15-20,2023,473611
TOTAL,15-20,2023,968342
Male,20-25,2023,549153
Female,20-25,2023,536548
TOTAL,20-25,2023,1085701
Male,25-30,2023,549333
Female,25-30,2023,540033
TOTAL,25-30,2023,1089366
Male,30-35,2023,555906
Female,30-35,2023,549558
TOTAL,30-35,2023,1105464
Male,35-40,2023,520208
Female,35-40,2023,518792
TOTAL,35-40,2023,1039000
Male,40-45,2023,506304
Female,40-45,2023,509501
TOTAL,40-45,2023,1015805
Male,45-50,2023,513205
Female,45-50,2023,517750
TOTAL,45-50,2023,1030955
Male,50-55,2023,618859
Female,50-55,2023,622255
TOTAL,50-55,2023,1241114
Male,55-60,2023,621095
Female,55-60,2023,619284
TOTAL,55-60,2023,1240379
Male,60-65,2023,578612
Female,60-65,2023,586118
TOTAL,60-65,2023,1164730
Male,65-70,2023,504709
Female,65-70,2023,520171
TOTAL,65-70,2023,1024880
Male,70-75,2023,451354
Female,70-75,2023,476194
TOTAL,70-75,2023,927549
Male,75-80,2023,366958
Female,75-80,2023,410700
TOTAL,75-80,2023,777658
Male,80-85,2023,208510
Female,80-85,2023,266231
TOTAL,80-85,2023,474741
Male,85-90,2023,106086
Female,85-90,2023,169169
TOTAL,85-90,2023,275255
Male,90-95,2023,38173
Female,90-95,2023,83910
TOTAL,90-95,2023,122082
Male,95+,2023,7576
Female,95+,2023,26379
TOTAL,95+,2023,33955
Male,TOTAL,2023,8609750
Female,TOTAL,2023,8780110
TOTAL,TOTAL,2023,17389860
Male,00-05,2024,482384
Female,00-05,2024,459723
TOTAL,00-05,2024,942107
Male,05-10,2024,469536
Female,05-10,2024,447909
TOTAL,05-10,2024,917445
Male,10-15,2024,469762
Female,10-15,2024,449042
TOTAL,10-15,2024,918805
Male,15-20,2024,487348
Female,15-20,2024,466190
TOTAL,15-20,2024,953538
Male,20-25,2024,549306
Female,20-25,2024,536553
TOTAL,20-25,2024,1085859
Male,25-30,2024,551110
Female,25-30,2024,541467
TOTAL,25-30,2024,1092577
Male,30-35,2024,559220
Female,30-35,2024,552923
TOTAL,30-35,2024,1112143
Male,35-40,2024,527835
Female,35-40,2024,525941
TOTAL,35-40,2024,1053775
Male,40-45,2024,504848
Female,40-45,2024,507863
TOTAL,40-45,2024,1012710
Male,45-50,2024,504539
Female,45-50,2024,508977
TOTAL,45-50,2024,1013516
Male,50-55,2024,600222
Female,50-55,2024,605731
TOTAL,50-55,2024,1205954
Male,55-60,2024,617121
Female,55-60,2024,616820
TOTAL,55-60,2024,1233942
Male,60-65,2024,587503
Female,60-65,2024,594376
TOTAL,60-65,2024,1181879
Male,65-70,2024,511980
Female,65-70,2024,527959
TOTAL,65-70,2024,1039939
Male,70-75,2024,448491
Female,70-75,2024,474005
TOTAL,70-75,2024,922497
Male,75-80,2024,385321
Female,75-80,2024,429842
TOTAL,75-80,2024,815163
Male,80-85,2024,218125
Female,80-85,2024,275018
TOTAL,80-85,2024,493143
Male,85-90,2024,111400
Female,85-90,2024,173892
TOTAL,85-90,2024,285291
Male,90-95,2024,39660
Female,90-95,2024,84986
TOTAL,90-95,2024,124646
Male,95+,2024,8054
Female,95+,2024,27255
TOTAL,95+,2024,35309
Male,TOTAL,2024,8633765
Female,TOTAL,2024,8806471
TOTAL,TOTAL,2024,17440236
Male,00-05,2025,484747
Female,00-05,2025,461923
TOTAL,00-05,2025,946670
Male,05-10,2025,472269
Female,05-10,2025,450385
TOTAL,05-10,2025,922654
Male,10-15,2025,467847
Female,10-15,2025,446912
TOTAL,10-15,2025,914759
Male,15-20,2025,483466
Female,15-20,2025,462211
TOTAL,15-20,2025,945677
Male,20-25,2025,544902
Female,20-25,2025,533057
TOTAL,20-25,2025,1077960
Male,25-30,2025,553422
Female,25-30,2025,543328
TOTAL,25-30,2025,1096750
Male,30-35,2025,561994
Female,30-35,2025,555076
TOTAL,30-35,2025,1117070
Male,35-40,2025,533754
Female,35-40,2025,532400
TOTAL,35-40,2025,1066154
Male,40-45,2025,506208
Female,40-45,2025,508801
TOTAL,40-45,2025,1015009
Male,45-50,2025,499371
Female,45-50,2025,503636
TOTAL,45-50,2025,1003008
Male,50-55,2025,572947
Female,50-55,2025,580246
TOTAL,50-55,2025,1153193
Male,55-60,2025,616985
Female,55-60,2025,617806
TOTAL,55-60,2025,1234791
Male,60-65,2025,595179
Female,60-65,2025,601480
TOTAL,60-65,2025,1196658
Male,65-70,2025,520560
Female,65-70,2025,537440
TOTAL,65-70,2025,1058000
Male,70-75,2025,449807
Female,70-75,2025,475738
TOTAL,70-75,2025,925545
Male,75-80,2025,397240
Female,75-80,2025,442175
TOTAL,75-80,2025,839415
Male,80-85,2025,229270
Female,80-85,2025,285937
TOTAL,80-85,2025,515207
Male,85-90,2025,116620
Female,85-90,2025,178885
TOTAL,85-90,2025,295505
Male,90-95,2025,41332
Female,90-95,2025,86423
TOTAL,90-95,2025,127755
Male,95+,2025,8527
Female,95+,2025,28043
TOTAL,95+,2025,36569
Male,TOTAL,2025,8656447
Female,TOTAL,2025,8831901
TOTAL,TOTAL,2025,17488348
Male,00-05,2026,486733
Female,00-05,2026,463778
TOTAL,00-05,2026,950511
Male,05-10,2026,475300
Female,05-10,2026,453143
TOTAL,05-10,2026,928443
Male,10-15,2026,467356
Female,10-15,2026,446367
TOTAL,10-15,2026,913723
Male,15-20,2026,481247
Female,15-20,2026,460073
TOTAL,15-20,2026,941319
Male,20-25,2026,535888
Female,20-25,2026,523704
TOTAL,20-25,2026,1059592
Male,25-30,2026,560077
Female,25-30,2026,550249
TOTAL,25-30,2026,1110326
Male,30-35,2026,558055
Female,30-35,2026,551619
TOTAL,30-35,2026,1109674
Male,35-40,2026,542603
Female,35-40,2026,540334
TOTAL,35-40,2026,1082937
Male,40-45,2026,506062
Female,40-45,2026,508681
TOTAL,40-45,2026,1014743
Male,45-50,2026,501314
Female,45-50,2026,505382
TOTAL,45-50,2026,1006695
Male,50-55,2026,545047
Female,50-55,2026,553322
TOTAL,50-55,2026,1098369
Male,55-60,2026,615611
Female,55-60,2026,618666
TOTAL,55-60,2026,1234277
Male,60-65,2026,599994
Female,60-65,2026,605713
TOTAL,60-65,2026,1205707
Male,65-70,2026,529241
Female,65-70,2026,545584
TOTAL,65-70,2026,1074825
Male,70-75,2026,453099
Female,70-75,2026,480507
TOTAL,70-75,2026,933606
Male,75-80,2026,409603
Female,75-80,2026,455868
TOTAL,75-80,2026,865471
Male,80-85,2026,235827
Female,80-85,2026,291925
TOTAL,80-85,2026,527752
Male,85-90,2026,122553
Female,85-90,2026,184783
TOTAL,85-90,2026,307336
Male,90-95,2026,42957
Female,90-95,2026,87521
TOTAL,90-95,2026,130478
Male,95+,2026,9121
Female,95+,2026,29079
TOTAL,95+,2026,38200
Male,TOTAL,2026,8677687
Female,TOTAL,2026,8856295
TOTAL,TOTAL,2026,17533982
Male,00-05,2027,488391
Female,00-05,2027,465319
TOTAL,00-05,2027,953710
Male,05-10,2027,478378
Female,05-10,2027,455967
TOTAL,05-10,2027,934345
Male,10-15,2027,468055
Female,10-15,2027,446916
TOTAL,10-15,2027,914971
Male,15-20,2027,479266
Female,15-20,2027,458440
TOTAL,15-20,2027,937706
Male,20-25,2027,527380
Female,20-25,2027,514955
TOTAL,20-25,2027,1042334
Male,25-30,2027,564937
Female,25-30,2027,556065
TOTAL,25-30,2027,1121002
Male,30-35,2027,554700
Female,30-35,2027,547126
TOTAL,30-35,2027,1101826
Male,35-40,2027,548756
Female,35-40,2027,545885
TOTAL,35-40,2027,1094641
Male,40-45,2027,509919
Female,40-45,2027,512210
TOTAL,40-45,2027,1022130
Male,45-50,2027,501990
Female,45-50,2027,507480
TOTAL,45-50,2027,1009470
Male,50-55,2027,522291
Female,50-55,2027,530379
TOTAL,50-55,2027,1052670
Male,55-60,2027,611438
Female,55-60,2027,616333
TOTAL,55-60,2027,1227770
Male,60-65,2027,599761
Female,60-65,2027,604972
TOTAL,60-65,2027,1204733
Male,65-70,2027,537987
Female,65-70,2027,555187
TOTAL,65-70,2027,1093174
Male,70-75,2027,459325
Female,70-75,2027,487412
TOTAL,70-75,2027,946737
Male,75-80,2027,398692
Female,75-80,2027,443437
TOTAL,75-80,2027,842129
Male,80-85,2027,264596
Female,80-85,2027,324046
TOTAL,80-85,2027,588642
Male,85-90,2027,126978
Female,85-90,2027,188363
TOTAL,85-90,2027,315341
Male,90-95,2027,44842
Female,90-95,2027,89167
TOTAL,90-95,2027,134009
Male,95+,2027,9642
Female,95+,2027,29864
TOTAL,95+,2027,39506
Male,TOTAL,2027,8697323
Female,TOTAL,2027,8879523
TOTAL,TOTAL,2027,17576846
Male,00-05,2028,489686
Female,00-05,2028,466522
TOTAL,00-05,2028,956208
Male,05-10,2028,481378
Female,05-10,2028,458718
TOTAL,05-10,2028,940095
Male,10-15,2028,469716
Female,10-15,2028,448361
TOTAL,10-15,2028,918077
Male,15-20,2028,479060
Female,15-20,2028,457651
TOTAL,15-20,2028,936711
Male,20-25,2028,517518
Female,20-25,2028,506066
TOTAL,20-25,2028,1023584
Male,25-30,2028,569078
Female,25-30,2028,559233
TOTAL,25-30,2028,1128311
Male,30-35,2028,552283
Female,30-35,2028,545660
TOTAL,30-35,2028,1097944
Male,35-40,2028,552428
Female,35-40,2028,549955
TOTAL,35-40,2028,1102383
Male,40-45,2028,517361
Female,40-45,2028,518637
TOTAL,40-45,2028,1035997
Male,45-50,2028,502107
Female,45-50,2028,507441
TOTAL,45-50,2028,1009548
Male,50-55,2028,504537
Female,50-55,2028,511662
TOTAL,50-55,2028,1016199
Male,55-60,2028,601944
Female,55-60,2028,610039
TOTAL,55-60,2028,1211984
Male,60-65,2028,597830
Female,60-65,2028,602825
TOTAL,60-65,2028,1200655
Male,65-70,2028,546270
Female,65-70,2028,563697
TOTAL,65-70,2028,1109967
Male,70-75,2028,464061
Female,70-75,2028,493064
TOTAL,70-75,2028,957124
Male,75-80,2028,393634
Female,75-80,2028,436752
TOTAL,75-80,2028,830387
Male,80-85,2028,287114
Female,80-85,2028,350414
TOTAL,80-85,2028,637528
Male,85-90,2028,132543
Female,85-90,2028,193540
TOTAL,85-90,2028,326083
Male,90-95,2028,46586
Female,90-95,2028,90591
TOTAL,90-95,2028,137177
Male,95+,2028,10195
Female,95+,2028,30715
TOTAL,95+,2028,40910
Male,TOTAL,2028,8715328
Female,TOTAL,2028,8901542
TOTAL,TOTAL,2028,17616870
Male,00-05,2029,490647
Female,00-05,2029,467397
TOTAL,00-05,2029,958044
Male,05-10,2029,484106
Female,05-10,2029,461228
TOTAL,05-10,2029,945334
Male,10-15,2029,472017
Female,10-15,2029,450413
TOTAL,10-15,2029,922430
Male,15-20,2029,476833
Female,15-20,2029,455886
TOTAL,15-20,2029,932719
Male,20-25,2029,510289
Female,20-25,2029,498746
TOTAL,20-25,2029,1009035
Male,25-30,2029,569329
Female,25-30,2029,559350
TOTAL,25-30,2029,1128679
Male,30-35,2029,554153
Female,30-35,2029,547198
TOTAL,30-35,2029,1101350
Male,35-40,2029,555712
Female,35-40,2029,553356
TOTAL,35-40,2029,1109068
Male,40-45,2029,524849
Female,40-45,2029,525662
TOTAL,40-45,2029,1050511
Male,45-50,2029,500581
Female,45-50,2029,505759
TOTAL,45-50,2029,1006339
Male,50-55,2029,496146
Female,50-55,2029,503047
TOTAL,50-55,2029,999193
Male,55-60,2029,584007
Female,55-60,2029,593909
TOTAL,55-60,2029,1177916
Male,60-65,2029,594167
Female,60-65,2029,600523
TOTAL,60-65,2029,1194690
Male,65-70,2029,554871
Female,65-70,2029,571784
TOTAL,65-70,2029,1126655
Male,70-75,2029,471088
Female,70-75,2029,500646
TOTAL,70-75,2029,971734
Male,75-80,2029,391793
Female,75-80,2029,435113
TOTAL,75-80,2029,826907
Male,80-85,2029,301716
Female,80-85,2029,366811
TOTAL,80-85,2029,668527
Male,85-90,2029,139444
Female,85-90,2029,200649
TOTAL,85-90,2029,340093
Male,90-95,2029,49257
Female,90-95,2029,93557
TOTAL,90-95,2029,142814
Male,95+,2029,10623
Female,95+,2029,31211
TOTAL,95+,2029,41835
Male,TOTAL,2029,8731628
Female,TOTAL,2029,8922244
TOTAL,TOTAL,2029,17653872
Male,00-05,2030,491324
Female,00-05,2030,468017
TOTAL,00-05,2030,959341
Male,05-10,2030,486505
Female,05-10,2030,463430
TOTAL,05-10,2030,949935
Male,10-15,2030,474766
Female,10-15,2030,452880
TOTAL,10-15,2030,927646
Male,15-20,2030,474953
Female,15-20,2030,453792
TOTAL,15-20,2030,928745
Male,20-25,2030,506528
Female,20-25,2030,494850
TOTAL,20-25,2030,1001379
Male,25-30,2030,565108
Female,25-30,2030,556062
TOTAL,25-30,2030,1121170
Male,30-35,2030,556553
Female,30-35,2030,549164
TOTAL,30-35,2030,1105717
Male,35-40,2030,558472
Female,35-40,2030,555578
TOTAL,35-40,2030,1114050
Male,40-45,2030,530707
Female,40-45,2030,532042
TOTAL,40-45,2030,1062749
Male,45-50,2030,501833
Female,45-50,2030,506608
TOTAL,45-50,2030,1008442
Male,50-55,2030,491127
Female,50-55,2030,497817
TOTAL,50-55,2030,988944
Male,55-60,2030,557708
Female,55-60,2030,569012
TOTAL,55-60,2030,1126720
Male,60-65,2030,594272
Female,60-65,2030,601639
TOTAL,60-65,2030,1195911
Male,65-70,2030,562311
Female,65-70,2030,578745
TOTAL,65-70,2030,1141056
Male,70-75,2030,479314
Female,70-75,2030,509858
TOTAL,70-75,2030,989171
Male,75-80,2030,393496
Female,75-80,2030,437007
TOTAL,75-80,2030,830504
Male,80-85,2030,310951
Female,80-85,2030,377174
TOTAL,80-85,2030,688124
Male,85-90,2030,147335
Female,85-90,2030,209391
TOTAL,85-90,2030,356726
Male,90-95,2030,51855
Female,90-95,2030,96662
TOTAL,90-95,2030,148517
Male,95+,2030,11112
Female,95+,2030,31836
TOTAL,95+,2030,42948
Male,TOTAL,2030,8746229
Female,TOTAL,2030,8941565
TOTAL,TOTAL,2030,17687794
Male,00-05,2031,491692
Female,00-05,2031,468344
TOTAL,00-05,2031,960036
Male,05-10,2031,488528
Female,05-10,2031,465290
TOTAL,05-10,2031,953818
Male,10-15,2031,477804
Female,10-15,2031,455631
TOTAL,10-15,2031,933435
Male,15-20,2031,474477
Female,15-20,2031,453266
TOTAL,15-20,2031,927743
Male,20-25,2031,504423
Female,20-25,2031,492796
TOTAL,20-25,2031,997220
Male,25-30,2031,556427
Female,25-30,2031,547092
TOTAL,25-30,2031,1103519
Male,30-35,2031,563119
Female,30-35,2031,556046
TOTAL,30-35,2031,1119165
Male,35-40,2031,554746
Female,35-40,2031,552339
TOTAL,35-40,2031,1107085
Male,40-45,2031,539371
Female,40-45,2031,539873
TOTAL,40-45,2031,1079244
Male,45-50,2031,501675
Female,45-50,2031,506458
TOTAL,45-50,2031,1008134
Male,50-55,2031,493027
Female,50-55,2031,499525
TOTAL,50-55,2031,992552
Male,55-60,2031,530811
Female,55-60,2031,542755
TOTAL,55-60,2031,1073566
Male,60-65,2031,593144
Female,60-65,2031,602578
TOTAL,60-65,2031,1195723
Male,65-70,2031,567069
Female,65-70,2031,582988
TOTAL,65-70,2031,1150056
Male,70-75,2031,487538
Female,70-75,2031,517743
TOTAL,70-75,2031,1005281
Male,75-80,2031,396844
Female,75-80,2031,441680
TOTAL,75-80,2031,838525
Male,80-85,2031,319961
Female,80-85,2031,388163
TOTAL,80-85,2031,708124
Male,85-90,2031,152027
Female,85-90,2031,214201
TOTAL,85-90,2031,366228
Male,90-95,2031,54789
Female,90-95,2031,100215
TOTAL,90-95,2031,155003
Male,95+,2031,11623
Female,95+,2031,32438
TOTAL,95+,2031,44061
Male,TOTAL,2031,8759095
Female,TOTAL,2031,8959421
TOTAL,TOTAL,2031,17718516
Male,00-05,2032,491763
Female,00-05,2032,468383
TOTAL,00-05,2032,960146
Male,05-10,2032,490224
Female,05-10,2032,466849
TOTAL,05-10,2032,957074
Male,10-15,2032,480879
Female,10-15,2032,458444
TOTAL,10-15,2032,939323
Male,15-20,2032,475184
Female,15-20,2032,453820
TOTAL,15-20,2032,929004
Male,20-25,2032,502569
Female,20-25,2032,491284
TOTAL,20-25,2032,993853
Male,25-30,2032,548229
Female,25-30,2032,538698
TOTAL,25-30,2032,1086926
Male,30-35,2032,568000
Female,30-35,2032,561880
TOTAL,30-35,2032,1129880
Male,35-40,2032,551572
Female,35-40,2032,548067
TOTAL,35-40,2032,1099640
Male,40-45,2032,545393
Female,40-45,2032,545387
TOTAL,40-45,2032,1090780
Male,45-50,2032,505487
Female,45-50,2032,509925
TOTAL,45-50,2032,1015412
Male,50-55,2032,493665
Female,50-55,2032,501555
TOTAL,50-55,2032,995220
Male,55-60,2032,508874
Female,55-60,2032,520385
TOTAL,55-60,2032,1029258
Male,60-65,2032,589316
Female,60-65,2032,600386
TOTAL,60-65,2032,1189702
Male,65-70,2032,567023
Female,65-70,2032,582416
TOTAL,65-70,2032,1149440
Male,70-75,2032,495909
Female,70-75,2032,527084
TOTAL,70-75,2032,1022993
Male,75-80,2032,402687
Female,75-80,2032,448257
TOTAL,75-80,2032,850944
Male,80-85,2032,312232
Female,80-85,2032,378111
TOTAL,80-85,2032,690342
Male,85-90,2032,172128
Female,85-90,2032,239303
TOTAL,85-90,2032,411431
Male,90-95,2032,56903
Female,90-95,2032,102279
TOTAL,90-95,2032,159183
Male,95+,2032,12190
Female,95+,2032,33169
TOTAL,95+,2032,45359
Male,TOTAL,2032,8770227
Female,TOTAL,2032,8975682
TOTAL,TOTAL,2032,17745908
Male,00-05,2033,491431
Female,00-05,2033,468039
TOTAL,00-05,2033,959470
Male,05-10,2033,491557
Female,05-10,2033,468070
TOTAL,05-10,2033,959627
Male,10-15,2033,483876
Female,10-15,2033,461186
TOTAL,10-15,2033,945062
Male,15-20,2033,476845
Female,15-20,2033,455266
TOTAL,15-20,2033,932111
Male,20-25,2033,502492
Female,20-25,2033,490645
TOTAL,20-25,2033,993137
Male,25-30,2033,538726
Female,25-30,2033,530183
TOTAL,25-30,2033,1068910
Male,30-35,2033,572156
Female,30-35,2033,565131
TOTAL,30-35,2033,1137286
Male,35-40,2033,549357
Female,35-40,2033,546751
TOTAL,35-40,2033,1096108
Male,40-45,2033,548974
Female,40-45,2033,549449
TOTAL,40-45,2033,1098422
Male,45-50,2033,512838
Female,45-50,2033,516287
TOTAL,45-50,2033,1029125
Male,50-55,2033,493760
Female,50-55,2033,501479
TOTAL,50-55,2033,995239
Male,55-60,2033,491758
Female,55-60,2033,502151
TOTAL,55-60,2033,993908
Male,60-65,2033,580317
Female,60-65,2033,594317
TOTAL,60-65,2033,1174634
Male,65-70,2033,565419
Female,65-70,2033,580524
TOTAL,65-70,2033,1145943
Male,70-75,2033,503793
Female,70-75,2033,535349
TOTAL,70-75,2033,1039142
Male,75-80,2033,407314
Female,75-80,2033,453755
TOTAL,75-80,2033,861069
Male,80-85,2033,309204
Female,80-85,2033,373122
TOTAL,80-85,2033,682326
Male,85-90,2033,187459
Female,85-90,2033,259409
TOTAL,85-90,2033,446868
Male,90-95,2033,59595
Female,90-95,2033,105290
TOTAL,90-95,2033,164885
Male,95+,2033,12718
Female,95+,2033,33839
TOTAL,95+,2033,46557
Male,TOTAL,2033,8779586
Female,TOTAL,2033,8990243
TOTAL,TOTAL,2033,17769828
Male,00-05,2034,490671
Female,00-05,2034,467293
TOTAL,00-05,2034,957965
Male,05-10,2034,492547
Female,05-10,2034,468968
TOTAL,05-10,2034,961515
Male,10-15,2034,486610
Female,10-15,2034,463686
TOTAL,10-15,2034,950296
Male,15-20,2034,479132
Female,15-20,2034,457315
TOTAL,15-20,2034,936448
Male,20-25,2034,500479
Female,20-25,2034,489078
TOTAL,20-25,2034,989557
Male,25-30,2034,531826
Female,25-30,2034,523242
TOTAL,25-30,2034,1055068
Male,30-35,2034,572523
Female,30-35,2034,565386
TOTAL,30-35,2034,1137909
Male,35-40,2034,551270
Female,35-40,2034,548388
TOTAL,35-40,2034,1099658
Male,40-45,2034,552242
Female,40-45,2034,552886
TOTAL,40-45,2034,1105127
Male,45-50,2034,520221
Female,45-50,2034,523240
TOTAL,45-50,2034,1043460
Male,50-55,2034,492281
Female,50-55,2034,499815
TOTAL,50-55,2034,992096
Male,55-60,2034,483698
Female,55-60,2034,493772
TOTAL,55-60,2034,977471
Male,60-65,2034,563195
Female,60-65,2034,578691
TOTAL,60-65,2034,1141886
Male,65-70,2034,562193
Female,65-70,2034,578470
TOTAL,65-70,2034,1140663
Male,70-75,2034,512000
Female,70-75,2034,543223
TOTAL,70-75,2034,1055223
Male,75-80,2034,413898
Female,75-80,2034,461014
TOTAL,75-80,2034,874913
Male,80-85,2034,308528
Female,80-85,2034,372274
TOTAL,80-85,2034,680802
Male,85-90,2034,197224
Female,85-90,2034,271586
TOTAL,85-90,2034,468810
Male,90-95,2034,63162
Female,90-95,2034,109732
TOTAL,90-95,2034,172894
Male,95+,2034,13486
Female,95+,2034,34979
TOTAL,95+,2034,48465
Male,TOTAL,2034,8787186
Female,TOTAL,2034,9003038
TOTAL,TOTAL,2034,17790224
Male,00-05,2035,489456
Female,00-05,2035,466110
TOTAL,00-05,2035,955565
Male,05-10,2035,493260
Female,05-10,2035,469608
TOTAL,05-10,2035,962868
Male,10-15,2035,489010
Female,10-15,2035,465880
TOTAL,10-15,2035,954890
Male,15-20,2035,481865
Female,15-20,2035,459780
TOTAL,15-20,2035,941645
Male,20-25,2035,498806
Female,20-25,2035,487197
TOTAL,20-25,2035,986003
Male,25-30,2035,528329
Female,25-30,2035,519676
TOTAL,25-30,2035,1048006
Male,30-35,2035,568547
Female,30-35,2035,562329
TOTAL,30-35,2035,1130876
Male,35-40,2035,553703
Female,35-40,2035,550445
TOTAL,35-40,2035,1104148
Male,40-45,2035,555002
Female,40-45,2035,555157
TOTAL,40-45,2035,1110159
Male,45-50,2035,526028
Female,45-50,2035,529573
TOTAL,45-50,2035,1055601
Male,50-55,2035,493511
Female,50-55,2035,500626
TOTAL,50-55,2035,994137
Male,55-60,2035,478901
Female,55-60,2035,488723
TOTAL,55-60,2035,967624
Male,60-65,2035,538067
Female,60-65,2035,554534
TOTAL,60-65,2035,1092601
Male,65-70,2035,562630
Female,65-70,2035,579785
TOTAL,65-70,2035,1142416
Male,70-75,2035,519144
Female,70-75,2035,550023
TOTAL,70-75,2035,1069166
Male,75-80,2035,421561
Female,75-80,2035,469807
TOTAL,75-80,2035,891368
Male,80-85,2035,310545
Female,80-85,2035,374377
TOTAL,80-85,2035,684922
Male,85-90,2035,203226
Female,85-90,2035,279010
TOTAL,85-90,2035,482236
Male,90-95,2035,67186
Female,90-95,2035,115149
TOTAL,90-95,2035,182335
Male,95+,2035,14227
Female,95+,2035,36179
TOTAL,95+,2035,50406
Male,TOTAL,2035,8793004
Female,TOTAL,2035,9013967
TOTAL,TOTAL,2035,17806972
Male,00-05,2036,487821
Female,00-05,2036,464519
TOTAL,00-05,2036,952340
Male,05-10,2036,493663
Female,05-10,2036,469955
TOTAL,05-10,2036,963617
Male,10-15,2036,491045
Female,10-15,2036,467735
TOTAL,10-15,2036,958780
Male,15-20,2036,484883
Female,15-20,2036,462535
TOTAL,15-20,2036,947417
Male,20-25,2036,498493
Female,20-25,2036,486857
TOTAL,20-25,2036,985350
Male,25-30,2036,526487
Female,25-30,2036,517930
TOTAL,25-30,2036,1044417
Male,30-35,2036,560263
Female,30-35,2036,553741
TOTAL,30-35,2036,1114005
Male,35-40,2036,560160
Female,35-40,2036,557308
TOTAL,35-40,2036,1117468
Male,40-45,2036,551459
Female,40-45,2036,552072
TOTAL,40-45,2036,1103530
Male,45-50,2036,534550
Female,45-50,2036,537328
TOTAL,45-50,2036,1071878
Male,50-55,2036,493409
Female,50-55,2036,500507
TOTAL,50-55,2036,993915
Male,55-60,2036,480807
Female,55-60,2036,490442
TOTAL,55-60,2036,971249
Male,60-65,2036,512383
Female,60-65,2036,529091
TOTAL,60-65,2036,1041474
Male,65-70,2036,561854
Female,65-70,2036,580869
TOTAL,65-70,2036,1142723
Male,70-75,2036,523818
Female,70-75,2036,554259
TOTAL,70-75,2036,1078077
Male,75-80,2036,429139
Female,75-80,2036,477322
TOTAL,75-80,2036,906461
Male,80-85,2036,313783
Female,80-85,2036,378842
TOTAL,80-85,2036,692625
Male,85-90,2036,208573
Female,85-90,2036,286240
TOTAL,85-90,2036,494813
Male,90-95,2036,69470
Female,90-95,2036,118024
TOTAL,90-95,2036,187493
Male,95+,2036,15061
Female,95+,2036,37501
TOTAL,95+,2036,52562
Male,TOTAL,2036,8797119
Female,TOTAL,2036,9023075
TOTAL,TOTAL,2036,17820194
Male,00-05,2037,485836
Female,00-05,2037,462600
TOTAL,00-05,2037,948436
Male,05-10,2037,493772
Female,05-10,2037,470017
TOTAL,05-10,2037,963790
Male,10-15,2037,492743
Female,10-15,2037,469288
TOTAL,10-15,2037,962031
Male,15-20,2037,487937
Female,15-20,2037,465352
TOTAL,15-20,2037,953290
Male,20-25,2037,499346
Female,20-25,2037,487590
TOTAL,20-25,2037,986936
Male,25-30,2037,524886
Female,25-30,2037,516728
TOTAL,25-30,2037,1041614
Male,30-35,2037,552431
Female,30-35,2037,545703
TOTAL,30-35,2037,1098135
Male,35-40,2037,565001
Female,35-40,2037,563168
TOTAL,35-40,2037,1128169
Male,40-45,2037,548435
Female,40-45,2037,547966
TOTAL,40-45,2037,1096401
Male,45-50,2037,540495
Female,45-50,2037,542813
TOTAL,45-50,2037,1083308
Male,50-55,2037,497192
Female,50-55,2037,503956
TOTAL,50-55,2037,1001148
Male,55-60,2037,481459
Female,55-60,2037,492465
TOTAL,55-60,2037,973924
Male,60-65,2037,491468
Female,60-65,2037,507436
TOTAL,60-65,2037,998905
Male,65-70,2037,558490
Female,65-70,2037,578885
TOTAL,65-70,2037,1137375
Male,70-75,2037,524042
Female,70-75,2037,553903
TOTAL,70-75,2037,1077945
Male,75-80,2037,436991
Female,75-80,2037,486270
TOTAL,75-80,2037,923262
Male,80-85,2037,318988
Female,80-85,2037,384878
TOTAL,80-85,2037,703865
Male,85-90,2037,204478
Female,85-90,2037,279675
TOTAL,85-90,2037,484153
Male,90-95,2037,79958
Female,90-95,2037,133427
TOTAL,90-95,2037,213385
Male,95+,2037,15648
Female,95+,2037,38233
TOTAL,95+,2037,53881
Male,TOTAL,2037,8799597
Female,TOTAL,2037,9030355
TOTAL,TOTAL,2037,17829952
Male,00-05,2038,483619
Female,00-05,2038,460468
TOTAL,00-05,2038,944086
Male,05-10,2038,493487
Female,05-10,2038,469705
TOTAL,05-10,2038,963192
Male,10-15,2038,494073
Female,10-15,2038,470504
TOTAL,10-15,2038,964577
Male,15-20,2038,490918
Female,15-20,2038,468094
TOTAL,15-20,2038,959011
Male,20-25,2038,501129
Female,20-25,2038,489208
TOTAL,20-25,2038,990337
Male,25-30,2038,525014
Female,25-30,2038,516380
TOTAL,25-30,2038,1041394
Male,30-35,2038,543335
Female,30-35,2038,537532
TOTAL,30-35,2038,1080867
Male,35-40,2038,569116
Female,35-40,2038,566498
TOTAL,35-40,2038,1135614
Male,40-45,2038,546357
Female,40-45,2038,546770
TOTAL,40-45,2038,1093128
Male,45-50,2038,544038
Female,45-50,2038,546858
TOTAL,45-50,2038,1090896
Male,50-55,2038,504464
Female,50-55,2038,510267
TOTAL,50-55,2038,1014731
Male,55-60,2038,481571
Female,55-60,2038,492420
TOTAL,55-60,2038,973991
Male,60-65,2038,475178
Female,60-65,2038,489816
TOTAL,60-65,2038,964994
Male,65-70,2038,550154
Female,65-70,2038,573121
TOTAL,65-70,2038,1123275
Male,70-75,2038,522899
Female,70-75,2038,552331
TOTAL,70-75,2038,1075230
Male,75-80,2038,444362
Female,75-80,2038,494193
TOTAL,75-80,2038,938555
Male,80-85,2038,323387
Female,80-85,2038,390121
TOTAL,80-85,2038,713507
Male,85-90,2038,203614
Female,85-90,2038,277114
TOTAL,85-90,2038,480729
Male,90-95,2038,87455
Female,90-95,2038,145133
TOTAL,90-95,2038,232588
Male,95+,2038,16414
Female,95+,2038,39338
TOTAL,95+,2038,55752
Male,TOTAL,2038,8800581
Female,TOTAL,2038,9035872
TOTAL,TOTAL,2038,17836452
Male,00-05,2039,481301
Female,00-05,2039,458238
TOTAL,00-05,2039,939538
Male,05-10,2039,492783
Female,05-10,2039,468991
TOTAL,05-10,2039,961774
Male,10-15,2039,495060
Female,10-15,2039,471398
TOTAL,10-15,2039,966459
Male,15-20,2039,493636
Female,15-20,2039,470591
TOTAL,15-20,2039,964227
Male,20-25,2039,503514
Female,20-25,2039,491410
TOTAL,20-25,2039,994924
Male,25-30,2039,523269
Female,25-30,2039,515124
TOTAL,25-30,2039,1038392
Male,30-35,2039,536742
Female,30-35,2039,530884
TOTAL,30-35,2039,1067626
Male,35-40,2039,569521
Female,35-40,2039,566855
TOTAL,35-40,2039,1136376
Male,40-45,2039,548269
Female,40-45,2039,548465
TOTAL,40-45,2039,1096734
Male,45-50,2039,547313
Female,45-50,2039,550314
TOTAL,45-50,2039,1097628
Male,50-55,2039,511758
Female,50-55,2039,517150
TOTAL,50-55,2039,1028908
Male,55-60,2039,480165
Female,55-60,2039,490828
TOTAL,55-60,2039,970992
Male,60-65,2039,467574
Female,60-65,2039,481763
TOTAL,60-65,2039,949338
Male,65-70,2039,534116
Female,65-70,2039,558147
TOTAL,65-70,2039,1092264
Male,70-75,2039,520293
Female,70-75,2039,550597
TOTAL,70-75,2039,1070890
Male,75-80,2039,452091
Female,75-80,2039,501786
TOTAL,75-80,2039,953877
Male,80-85,2039,329308
Female,80-85,2039,396863
TOTAL,80-85,2039,726172
Male,85-90,2039,204127
Female,85-90,2039,277390
TOTAL,85-90,2039,481516
Male,90-95,2039,91856
Female,90-95,2039,151728
TOTAL,90-95,2039,243584
Male,95+,2039,17515
Female,95+,2039,41197
TOTAL,95+,2039,58713
Male,TOTAL,2039,8800209
Female,TOTAL,2039,9039720
TOTAL,TOTAL,2039,17839930
Male,00-05,2040,479013
Female,00-05,2040,456049
TOTAL,00-05,2040,935061
Male,05-10,2040,491628
Female,05-10,2040,467846
TOTAL,05-10,2040,959475
Male,10-15,2040,495771
Female,10-15,2040,472029
TOTAL,10-15,2040,967800
Male,15-20,2040,496018
Female,15-20,2040,472790
TOTAL,15-20,2040,968807
Male,20-25,2040,506320
Female,20-25,2040,494010
TOTAL,20-25,2040,1000330
Male,25-30,2040,521839
Female,25-30,2040,513531
TOTAL,25-30,2040,1035370
Male,30-35,2040,533446
Female,30-35,2040,527532
TOTAL,30-35,2040,1060978
Male,35-40,2040,565708
Female,35-40,2040,563961
TOTAL,35-40,2040,1129669
Male,40-45,2040,550681
Female,40-45,2040,550577
TOTAL,40-45,2040,1101258
Male,45-50,2040,550082
Female,45-50,2040,552624
TOTAL,45-50,2040,1102705
Male,50-55,2040,517524
Female,50-55,2040,523426
TOTAL,50-55,2040,1040950
Male,55-60,2040,481399
Female,55-60,2040,491652
TOTAL,55-60,2040,973051
Male,60-65,2040,463098
Female,60-65,2040,476957
TOTAL,60-65,2040,940055
Male,65-70,2040,510578
Female,65-70,2040,534955
TOTAL,65-70,2040,1045533
Male,70-75,2040,521205
Female,70-75,2040,552163
TOTAL,70-75,2040,1073368
Male,75-80,2040,458929
Female,75-80,2040,508418
TOTAL,75-80,2040,967348
Male,80-85,2040,336153
Female,80-85,2040,404984
TOTAL,80-85,2040,741137
Male,85-90,2040,206355
Female,85-90,2040,279774
TOTAL,85-90,2040,486128
Male,90-95,2040,94259
Female,90-95,2040,155384
TOTAL,90-95,2040,249644
Male,95+,2040,18715
Female,95+,2040,43398
TOTAL,95+,2040,62113
Male,TOTAL,2040,8798720
Female,TOTAL,2040,9042060
TOTAL,TOTAL,2040,17840780
Male,00-05,2041,476874
Female,00-05,2041,453999
TOTAL,00-05,2041,930873
Male,05-10,2041,490050
Female,05-10,2041,466297
TOTAL,05-10,2041,956347
Male,10-15,2041,496170
Female,10-15,2041,472368
TOTAL,10-15,2041,968537
Male,15-20,2041,498028
Female,15-20,2041,474641
TOTAL,15-20,2041,972669
Male,20-25,2041,509398
Female,20-25,2041,496878
TOTAL,20-25,2041,1006276
Male,25-30,2041,521696
Female,25-30,2041,513401
TOTAL,25-30,2041,1035097
Male,30-35,2041,531757
Female,30-35,2041,525941
TOTAL,30-35,2041,1057697
Male,35-40,2041,557725
Female,35-40,2041,555632
TOTAL,35-40,2041,1113357
Male,40-45,2041,556987
Female,40-45,2041,557397
TOTAL,40-45,2041,1114385
Male,45-50,2041,546692
Female,45-50,2041,549661
TOTAL,45-50,2041,1096352
Male,50-55,2041,525927
Female,50-55,2041,531095
TOTAL,50-55,2041,1057022
Male,55-60,2041,481369
Female,55-60,2041,491589
TOTAL,55-60,2041,972958
Male,60-65,2041,465070
Female,60-65,2041,478730
TOTAL,60-65,2041,943800
Male,65-70,2041,486526
Female,65-70,2041,510554
TOTAL,65-70,2041,997080
Male,70-75,2041,520939
Female,70-75,2041,553437
TOTAL,70-75,2041,1074376
Male,75-80,2041,463552
Female,75-80,2041,512649
TOTAL,75-80,2041,976201
Male,80-85,2041,342834
Female,80-85,2041,411946
TOTAL,80-85,2041,754780
Male,85-90,2041,209314
Female,85-90,2041,283882
TOTAL,85-90,2041,493196
Male,90-95,2041,96060
Female,90-95,2041,158425
TOTAL,90-95,2041,254485
Male,95+,2041,19379
Female,95+,2041,44533
TOTAL,95+,2041,63912
Male,TOTAL,2041,8796346
Female,TOTAL,2041,9043054
TOTAL,TOTAL,2041,17839400
Male,00-05,2042,474985
Female,00-05,2042,452185
TOTAL,00-05,2042,927171
Male,05-10,2042,488122
Female,05-10,2042,464418
TOTAL,05-10,2042,952540
Male,10-15,2042,496285
Female,10-15,2042,472423
TOTAL,10-15,2042,968709
Male,15-20,2042,499695
Female,15-20,2042,476190
TOTAL,15-20,2042,975885
Male,20-25,2042,512501
Female,20-25,2042,499789
TOTAL,20-25,2042,1012290
Male,25-30,2042,522659
Female,25-30,2042,514293
TOTAL,25-30,2042,1036952
Male,30-35,2042,530280
Female,30-35,2042,524863
TOTAL,30-35,2042,1055143
Male,35-40,2042,550163
Female,35-40,2042,547822
TOTAL,35-40,2042,1097985
Male,40-45,2042,561724
Female,40-45,2042,563217
TOTAL,40-45,2042,1124942
Male,45-50,2042,543795
Female,45-50,2042,545682
TOTAL,45-50,2042,1089477
Male,50-55,2042,531806
Female,50-55,2042,536538
TOTAL,50-55,2042,1068343
Male,55-60,2042,485138
Female,55-60,2042,495023
TOTAL,55-60,2042,980161
Male,60-65,2042,465805
Female,60-65,2042,480783
TOTAL,60-65,2042,946588
Male,65-70,2042,467004
Female,65-70,2042,489823
TOTAL,65-70,2042,956827
Male,70-75,2042,518210
Female,70-75,2042,551736
TOTAL,70-75,2042,1069947
Male,75-80,2042,464221
Female,75-80,2042,512622
TOTAL,75-80,2042,976844
Male,80-85,2042,349898
Female,80-85,2042,420254
TOTAL,80-85,2042,770152
Male,85-90,2042,213614
Female,85-90,2042,289117
TOTAL,85-90,2042,502730
Male,90-95,2042,94839
Female,90-95,2042,155595
TOTAL,90-95,2042,250434
Male,95+,2042,22516
Female,95+,2042,50504
TOTAL,95+,2042,73020
Male,TOTAL,2042,8793260
Female,TOTAL,2042,9042879
TOTAL,TOTAL,2042,17836140
Male,00-05,2043,473420
Female,00-05,2043,450673
TOTAL,00-05,2043,924093
Male,05-10,2043,485955
Female,05-10,2043,462325
TOTAL,05-10,2043,948280
Male,10-15,2043,496003
Female,10-15,2043,472104
TOTAL,10-15,2043,968107
Male,15-20,2043,501001
Female,15-20,2043,477403
TOTAL,15-20,2043,978404
Male,20-25,2043,515517
Female,20-25,2043,502611
TOTAL,20-25,2043,1018128
Male,25-30,2043,524501
Female,25-30,2043,516019
TOTAL,25-30,2043,1040521
Male,30-35,2043,530471
Female,30-35,2043,524607
TOTAL,30-35,2043,1055077
Male,35-40,2043,541365
Female,35-40,2043,539878
TOTAL,35-40,2043,1081243
Male,40-45,2043,565756
Female,40-45,2043,566544
TOTAL,40-45,2043,1132300
Male,45-50,2043,541820
Female,45-50,2043,544556
TOTAL,45-50,2043,1086376
Male,50-55,2043,535318
Female,50-55,2043,540561
TOTAL,50-55,2043,1075879
Male,55-60,2043,492311
Female,55-60,2043,501273
TOTAL,55-60,2043,993584
Male,60-65,2043,466002
Female,60-65,2043,480803
TOTAL,60-65,2043,946805
Male,65-70,2043,451847
Female,65-70,2043,472991
TOTAL,65-70,2043,924839
Male,70-75,2043,510762
Female,70-75,2043,546360
TOTAL,70-75,2043,1057122
Male,75-80,2043,463740
Female,75-80,2043,511514
TOTAL,75-80,2043,975255
Male,80-85,2043,356518
Female,80-85,2043,427624
TOTAL,80-85,2043,784142
Male,85-90,2043,217503
Female,85-90,2043,293925
TOTAL,85-90,2043,511427
Male,90-95,2043,95291
Female,90-95,2043,155291
TOTAL,90-95,2043,250582
Male,95+,2043,24557
Female,95+,2043,54675
TOTAL,95+,2043,79231
Male,TOTAL,2043,8789658
Female,TOTAL,2043,9041735
TOTAL,TOTAL,2043,17831392
Male,00-05,2044,472237
Female,00-05,2044,449528
TOTAL,00-05,2044,921765
Male,05-10,2044,483687
Female,05-10,2044,460121
TOTAL,05-10,2044,943808
Male,10-15,2044,495300
Female,10-15,2044,471383
TOTAL,10-15,2044,966684
Male,15-20,2044,501972
Female,15-20,2044,478291
TOTAL,15-20,2044,980263
Male,20-25,2044,518251
Female,20-25,2044,505194
TOTAL,20-25,2044,1023445
Male,25-30,2044,526903
Female,25-30,2044,518292
TOTAL,25-30,2044,1045195
Male,30-35,2044,528839
Female,30-35,2044,523456
TOTAL,30-35,2044,1052295
Male,35-40,2044,534968
Female,35-40,2044,533401
TOTAL,35-40,2044,1068368
Male,40-45,2044,566165
Female,40-45,2044,566937
TOTAL,40-45,2044,1133102
Male,45-50,2044,543726
Female,45-50,2044,546274
TOTAL,45-50,2044,1090000
Male,50-55,2044,538583
Female,50-55,2044,544008
TOTAL,50-55,2044,1082591
Male,55-60,2044,499501
Female,55-60,2044,508081
TOTAL,55-60,2044,1007582
Male,60-65,2044,464730
Female,60-65,2044,479310
TOTAL,60-65,2044,944040
Male,65-70,2044,444902
Female,65-70,2044,465376
TOTAL,65-70,2044,910278
Male,70-75,2044,496139
Female,70-75,2044,532192
TOTAL,70-75,2044,1028331
Male,75-80,2044,462028
Female,75-80,2044,510283
TOTAL,75-80,2044,972311
Male,80-85,2044,363498
Female,80-85,2044,434731
TOTAL,80-85,2044,798229
Male,85-90,2044,222377
Female,85-90,2044,299819
TOTAL,85-90,2044,522196
Male,90-95,2044,96191
Female,90-95,2044,156291
TOTAL,90-95,2044,252482
Male,95+,2044,25683
Female,95+,2044,56859
TOTAL,95+,2044,82542
Male,TOTAL,2044,8785681
Female,TOTAL,2044,9039826
TOTAL,TOTAL,2044,17825506
Male,00-05,2045,471462
Female,00-05,2045,448768
TOTAL,00-05,2045,920230
Male,05-10,2045,481442
Female,05-10,2045,457966
TOTAL,05-10,2045,939408
Male,10-15,2045,494149
Female,10-15,2045,470228
TOTAL,10-15,2045,964377
Male,15-20,2045,502659
Female,15-20,2045,478912
TOTAL,15-20,2045,981571
Male,20-25,2045,520649
Female,20-25,2045,507467
TOTAL,20-25,2045,1028116
Male,25-30,2045,529692
Female,25-30,2045,520935
TOTAL,25-30,2045,1050626
Male,30-35,2045,527491
Female,30-35,2045,521956
TOTAL,30-35,2045,1049447
Male,35-40,2045,531767
Female,35-40,2045,530151
TOTAL,35-40,2045,1061918
Male,40-45,2045,562464
Female,40-45,2045,564124
TOTAL,40-45,2045,1126588
Male,45-50,2045,546114
Female,45-50,2045,548402
TOTAL,45-50,2045,1094516
Male,50-55,2045,541353
Female,50-55,2045,546324
TOTAL,50-55,2045,1087676
Male,55-60,2045,505200
Female,55-60,2045,514300
TOTAL,55-60,2045,1019500
Male,60-65,2045,466021
Female,60-65,2045,480168
TOTAL,60-65,2045,946189
Male,65-70,2045,440898
Female,65-70,2045,460898
TOTAL,65-70,2045,901796
Male,70-75,2045,474621
Female,70-75,2045,510213
TOTAL,70-75,2045,984834
Male,75-80,2045,463650
Female,75-80,2045,512262
TOTAL,75-80,2045,975912
Male,80-85,2045,369802
Female,80-85,2045,441064
TOTAL,80-85,2045,810867
Male,85-90,2045,227929
Female,85-90,2045,306806
TOTAL,85-90,2045,534735
Male,90-95,2045,97823
Female,90-95,2045,158374
TOTAL,90-95,2045,256196
Male,95+,2045,26279
Female,95+,2045,58021
TOTAL,95+,2045,84300
Male,TOTAL,2045,8781464
Female,TOTAL,2045,9037339
TOTAL,TOTAL,2045,17818802
Male,00-05,2046,471092
Female,00-05,2046,448403
TOTAL,00-05,2046,919496
Male,05-10,2046,479351
Female,05-10,2046,455947
TOTAL,05-10,2046,935298
Male,10-15,2046,492581
Female,10-15,2046,468674
TOTAL,10-15,2046,961255
Male,15-20,2046,503034
Female,15-20,2046,479239
TOTAL,15-20,2046,982273
Male,20-25,2046,522672
Female,20-25,2046,509388
TOTAL,20-25,2046,1032060
Male,25-30,2046,532728
Female,25-30,2046,523827
TOTAL,25-30,2046,1056555
Male,30-35,2046,527379
Female,30-35,2046,521876
TOTAL,30-35,2046,1049255
Male,35-40,2046,530122
Female,35-40,2046,528618
TOTAL,35-40,2046,1058739
Male,40-45,2046,554701
Female,40-45,2046,555968
TOTAL,40-45,2046,1110669
Male,45-50,2046,552275
Female,45-50,2046,555157
TOTAL,45-50,2046,1107431
Male,50-55,2046,538098
Female,50-55,2046,543460
TOTAL,50-55,2046,1081558
Male,55-60,2046,513456
Female,55-60,2046,521880
TOTAL,55-60,2046,1035336
Male,60-65,2046,466135
Female,60-65,2046,480185
TOTAL,60-65,2046,946320
Male,65-70,2046,443004
Female,65-70,2046,462757
TOTAL,65-70,2046,905762
Male,70-75,2046,452635
Female,70-75,2046,487115
TOTAL,70-75,2046,939749
Male,75-80,2046,464088
Female,75-80,2046,513850
TOTAL,75-80,2046,977938
Male,80-85,2046,374181
Female,80-85,2046,445195
TOTAL,80-85,2046,819376
Male,85-90,2046,233261
Female,85-90,2046,312836
TOTAL,85-90,2046,546097
Male,90-95,2046,99709
Female,90-95,2046,161380
TOTAL,90-95,2046,261089
Male,95+,2046,26631
Female,95+,2046,58660
TOTAL,95+,2046,85291
Male,TOTAL,2046,8777132
Female,TOTAL,2046,9034414
TOTAL,TOTAL,2046,17811546
Male,00-05,2047,471135
Female,00-05,2047,448436
TOTAL,00-05,2047,919571
Male,05-10,2047,477497
Female,05-10,2047,454157
TOTAL,05-10,2047,931655
Male,10-15,2047,490653
Female,10-15,2047,466786
TOTAL,10-15,2047,957439
Male,15-20,2047,503127
Female,15-20,2047,479285
TOTAL,15-20,2047,982412
Male,20-25,2047,524355
Female,20-25,2047,510999
TOTAL,20-25,2047,1035354
Male,25-30,2047,535784
Female,25-30,2047,526757
TOTAL,25-30,2047,1062541
Male,30-35,2047,528328
Female,30-35,2047,522784
TOTAL,30-35,2047,1051112
Male,35-40,2047,528684
Female,35-40,2047,527596
TOTAL,35-40,2047,1056279
Male,40-45,2047,547347
Female,40-45,2047,548311
TOTAL,40-45,2047,1095658
Male,45-50,2047,556904
Female,45-50,2047,560922
TOTAL,45-50,2047,1117826
Male,50-55,2047,535320
Female,50-55,2047,539598
TOTAL,50-55,2047,1074918
Male,55-60,2047,519241
Female,55-60,2047,527280
TOTAL,55-60,2047,1046520
Male,60-65,2047,469923
Female,60-65,2047,483626
TOTAL,60-65,2047,953549
Male,65-70,2047,443900
Female,65-70,2047,464858
TOTAL,65-70,2047,908758
Male,70-75,2047,434874
Female,70-75,2047,467544
TOTAL,70-75,2047,902419
Male,75-80,2047,462167
Female,75-80,2047,512554
TOTAL,75-80,2047,974721
Male,80-85,2047,375346
Female,80-85,2047,445623
TOTAL,80-85,2047,820969
Male,85-90,2047,238991
Female,85-90,2047,320017
TOTAL,85-90,2047,559008
Male,90-95,2047,102279
Female,90-95,2047,164974
TOTAL,90-95,2047,267253
Male,95+,2047,26944
Female,95+,2047,59148
TOTAL,95+,2047,86092
Male,TOTAL,2047,8772799
Female,TOTAL,2047,9031254
TOTAL,TOTAL,2047,17804052
Male,00-05,2048,471574
Female,00-05,2048,448843
TOTAL,00-05,2048,920417
Male,05-10,2048,475956
Female,05-10,2048,452660
TOTAL,05-10,2048,928615
Male,10-15,2048,488496
Female,10-15,2048,464689
TOTAL,10-15,2048,953185
Male,15-20,2048,502819
Female,15-20,2048,478957
TOTAL,15-20,2048,981776
Male,20-25,2048,525678
Female,20-25,2048,512259
TOTAL,20-25,2048,1037936
Male,25-30,2048,538752
Female,25-30,2048,529608
TOTAL,25-30,2048,1068360
Male,30-35,2048,530125
Female,30-35,2048,524501
TOTAL,30-35,2048,1054626
Male,35-40,2048,528864
Female,35-40,2048,527366
TOTAL,35-40,2048,1056230
Male,40-45,2048,538774
Female,40-45,2048,540518
TOTAL,40-45,2048,1079292
Male,45-50,2048,560860
Female,45-50,2048,564232
TOTAL,45-50,2048,1125092
Male,50-55,2048,533425
Female,50-55,2048,538535
TOTAL,50-55,2048,1071961
Male,55-60,2048,522715
Female,55-60,2048,531277
TOTAL,55-60,2048,1053992
Male,60-65,2048,476998
Female,60-65,2048,489825
TOTAL,60-65,2048,966823
Male,65-70,2048,444241
Female,65-70,2048,464972
TOTAL,65-70,2048,909213
Male,70-75,2048,421150
Female,70-75,2048,451704
TOTAL,70-75,2048,872854
Male,75-80,2048,455842
Female,75-80,2048,507722
TOTAL,75-80,2048,963564
Male,80-85,2048,375627
Female,80-85,2048,445152
TOTAL,80-85,2048,820779
Male,85-90,2048,244360
Female,85-90,2048,326424
TOTAL,85-90,2048,570783
Male,90-95,2048,104747
Female,90-95,2048,168492
TOTAL,90-95,2048,273239
Male,95+,2048,27550
Female,95+,2048,60215
TOTAL,95+,2048,87765
Male,TOTAL,2048,8768552
Female,TOTAL,2048,9027950
TOTAL,TOTAL,2048,17796502
Male,00-05,2049,472366
Female,00-05,2049,449582
TOTAL,00-05,2049,921948
Male,05-10,2049,474785
Female,05-10,2049,451524
TOTAL,05-10,2049,926308
Male,10-15,2049,486234
Female,10-15,2049,462495
TOTAL,10-15,2049,948729
Male,15-20,2049,502105
Female,15-20,2049,478222
TOTAL,15-20,2049,980327
Male,20-25,2049,526660
Female,20-25,2049,513196
TOTAL,20-25,2049,1039856
Male,25-30,2049,541456
Female,25-30,2049,532223
TOTAL,25-30,2049,1073679
Male,30-35,2049,532465
Female,30-35,2049,526745
TOTAL,30-35,2049,1059210
Male,35-40,2049,527285
Female,35-40,2049,526260
TOTAL,35-40,2049,1053544
Male,40-45,2049,532525
Female,40-45,2049,534150
TOTAL,40-45,2049,1066675
Male,45-50,2049,561281
Female,45-50,2049,564654
TOTAL,45-50,2049,1125934
Male,50-55,2049,535315
Female,50-55,2049,540268
TOTAL,50-55,2049,1075583
Male,55-60,2049,525939
Female,55-60,2049,534716
TOTAL,55-60,2049,1060655
Male,60-65,2049,484064
Female,60-65,2049,496555
TOTAL,60-65,2049,980619
Male,65-70,2049,443190
Female,65-70,2049,463625
TOTAL,65-70,2049,906815
Male,70-75,2049,415036
Female,70-75,2049,444651
TOTAL,70-75,2049,859687
Male,75-80,2049,443024
Female,75-80,2049,494651
TOTAL,75-80,2049,937675
Male,80-85,2049,375010
Female,80-85,2049,444646
TOTAL,80-85,2049,819656
Male,85-90,2049,250032
Female,85-90,2049,332651
TOTAL,85-90,2049,582683
Male,90-95,2049,107636
Female,90-95,2049,172582
TOTAL,90-95,2049,280218
Male,95+,2049,28056
Female,95+,2049,61170
TOTAL,95+,2049,89226
Male,TOTAL,2049,8764464
Female,TOTAL,2049,9024564
TOTAL,TOTAL,2049,17789028
Male,00-05,2050,473445
Female,00-05,2050,450600
TOTAL,00-05,2050,924045
Male,05-10,2050,474015
Female,05-10,2050,450768
TOTAL,05-10,2050,924783
Male,10-15,2050,483996
Female,10-15,2050,460339
TOTAL,10-15,2050,944335
Male,15-20,2050,500952
Female,15-20,2050,477056
TOTAL,15-20,2050,978008
Male,20-25,2050,527361
Female,20-25,2050,513857
TOTAL,20-25,2050,1041218
Male,25-30,2050,543836
Female,25-30,2050,534535
TOTAL,25-30,2050,1078370
Male,30-35,2050,535191
Female,30-35,2050,529358
TOTAL,30-35,2050,1064549
Male,35-40,2050,525983
Female,35-40,2050,524812
TOTAL,35-40,2050,1050795
Male,40-45,2050,529399
Female,40-45,2050,530965
TOTAL,40-45,2050,1060364
Male,45-50,2050,557673
Female,45-50,2050,561911
TOTAL,45-50,2050,1119584
Male,50-55,2050,537676
Female,50-55,2050,542395
TOTAL,50-55,2050,1080071
Male,55-60,2050,528682
Female,55-60,2050,537043
TOTAL,55-60,2050,1065725
Male,60-65,2050,489687
Female,60-65,2050,502723
TOTAL,60-65,2050,992410
Male,65-70,2050,444599
Female,65-70,2050,464547
TOTAL,65-70,2050,909146
Male,70-75,2050,411633
Female,70-75,2050,440596
TOTAL,70-75,2050,852229
Male,75-80,2050,424224
Female,75-80,2050,474416
TOTAL,75-80,2050,898640
Male,80-85,2050,377388
Female,80-85,2050,447188
TOTAL,80-85,2050,824576
Male,85-90,2050,255271
Female,85-90,2050,338370
TOTAL,85-90,2050,593641
Male,90-95,2050,110897
Female,90-95,2050,177361
TOTAL,90-95,2050,288257
Male,95+,2050,28663
Female,95+,2050,62275
TOTAL,95+,2050,90938
Male,TOTAL,2050,8760568
Female,TOTAL,2050,9021114
TOTAL,TOTAL,2050,17781682
Male,00-05,2051,474753
Female,00-05,2051,451837
TOTAL,00-05,2051,926590
Male,05-10,2051,473656
Female,05-10,2051,450406
TOTAL,05-10,2051,924062
Male,10-15,2051,481914
Female,10-15,2051,458324
TOTAL,10-15,2051,940237
Male,15-20,2051,499380
Female,15-20,2051,475495
TOTAL,15-20,2051,974875
Male,20-25,2051,527754
Female,20-25,2051,514235
TOTAL,20-25,2051,1041989
Male,25-30,2051,545844
Female,25-30,2051,536498
TOTAL,25-30,2051,1082342
Male,30-35,2051,538157
Female,30-35,2051,532218
TOTAL,30-35,2051,1070374
Male,35-40,2051,525900
Female,35-40,2051,524759
TOTAL,35-40,2051,1050660
Male,40-45,2051,527788
Female,40-45,2051,529469
TOTAL,40-45,2051,1057258
Male,45-50,2051,550099
Female,45-50,2051,553897
TOTAL,45-50,2051,1103996
Male,50-55,2051,543718
Female,50-55,2051,549071
TOTAL,50-55,2051,1092789
Male,55-60,2051,525562
Female,55-60,2051,534281
TOTAL,55-60,2051,1059843
Male,60-65,2051,497786
Female,60-65,2051,510220
TOTAL,60-65,2051,1008006
Male,65-70,2051,444912
Female,65-70,2051,464695
TOTAL,65-70,2051,909606
Male,70-75,2051,413906
Female,70-75,2051,442582
TOTAL,70-75,2051,856488
Male,75-80,2051,405030
Female,75-80,2051,453193
TOTAL,75-80,2051,858222
Male,80-85,2051,378544
Female,80-85,2051,449175
TOTAL,80-85,2051,827719
Male,85-90,2051,259009
Female,85-90,2051,342182
TOTAL,85-90,2051,601191
Male,90-95,2051,113929
Female,90-95,2051,181494
TOTAL,90-95,2051,295422
Male,95+,2051,29280
Female,95+,2051,63610
TOTAL,95+,2051,92890
Male,TOTAL,2051,8756921
Female,TOTAL,2051,9017638
TOTAL,TOTAL,2051,17774558
Male,00-05,2052,476221
Female,00-05,2052,453225
TOTAL,00-05,2052,929446
Male,05-10,2052,473714
Female,05-10,2052,450435
TOTAL,05-10,2052,924149
Male,10-15,2052,480074
Female,10-15,2052,456533
TOTAL,10-15,2052,936607
Male,15-20,2052,497455
Female,15-20,2052,473603
TOTAL,15-20,2052,971058
Male,20-25,2052,527870
Female,20-25,2052,514337
TOTAL,20-25,2052,1042206
Male,25-30,2052,547529
Female,25-30,2052,538155
TOTAL,25-30,2052,1085684
Male,30-35,2052,541141
Female,30-35,2052,535109
TOTAL,30-35,2052,1076250
Male,35-40,2052,526846
Female,35-40,2052,525676
TOTAL,35-40,2052,1052522
Male,40-45,2052,526389
Female,40-45,2052,528478
TOTAL,40-45,2052,1054867
Male,45-50,2052,542920
Female,45-50,2052,546364
TOTAL,45-50,2052,1089283
Male,50-55,2052,548262
Female,50-55,2052,554769
TOTAL,50-55,2052,1103030
Male,55-60,2052,522897
Female,55-60,2052,530536
TOTAL,55-60,2052,1053432
Male,60-65,2052,503490
Female,60-65,2052,515585
TOTAL,60-65,2052,1019075
Male,65-70,2052,448732
Female,65-70,2052,468175
TOTAL,65-70,2052,916907
Male,70-75,2052,415010
Female,70-75,2052,444763
TOTAL,70-75,2052,859772
Male,75-80,2052,389677
Female,75-80,2052,435305
TOTAL,75-80,2052,824981
Male,80-85,2052,377477
Female,80-85,2052,448382
TOTAL,80-85,2052,825860
Male,85-90,2052,260504
Female,85-90,2052,343194
TOTAL,85-90,2052,603699
Male,90-95,2052,117278
Female,90-95,2052,186422
TOTAL,90-95,2052,303700
Male,95+,2052,30096
Female,95+,2052,65114
TOTAL,95+,2052,95210
Male,TOTAL,2052,8753579
Female,TOTAL,2052,9014159
TOTAL,TOTAL,2052,17767738
Male,00-05,2053,477773
Female,00-05,2053,454696
TOTAL,00-05,2053,932469
Male,05-10,2053,474164
Female,05-10,2053,450834
TOTAL,05-10,2053,924998
Male,10-15,2053,478538
Female,10-15,2053,455040
TOTAL,10-15,2053,933577
Male,15-20,2053,495309
Female,15-20,2053,471505
TOTAL,15-20,2053,966814
Male,20-25,2053,527592
Female,20-25,2053,514063
TOTAL,20-25,2053,1041655
Male,25-30,2053,548862
Female,25-30,2053,539476
TOTAL,25-30,2053,1088338
Male,30-35,2053,544036
Female,30-35,2053,537921
TOTAL,30-35,2053,1081956
Male,35-40,2053,528616
Female,35-40,2053,527389
TOTAL,35-40,2053,1056006
Male,40-45,2053,526576
Female,40-45,2053,528277
TOTAL,40-45,2053,1054853
Male,45-50,2053,534548
Female,45-50,2053,538695
TOTAL,45-50,2053,1073243
Male,50-55,2053,552151
Female,50-55,2053,558043
TOTAL,50-55,2053,1110194
Male,55-60,2053,521092
Female,55-60,2053,529534
TOTAL,55-60,2053,1050625
Male,60-65,2053,506941
Female,60-65,2053,519571
TOTAL,60-65,2053,1026511
Male,65-70,2053,455677
Female,65-70,2053,474324
TOTAL,65-70,2053,930001
Male,70-75,2053,415550
Female,70-75,2053,445015
TOTAL,70-75,2053,860564
Male,75-80,2053,377899
Female,75-80,2053,420915
TOTAL,75-80,2053,798814
Male,80-85,2053,372567
Female,80-85,2053,444310
TOTAL,80-85,2053,816877
Male,85-90,2053,261396
Female,85-90,2053,343537
TOTAL,85-90,2053,604933
Male,90-95,2053,120379
Female,90-95,2053,190830
TOTAL,90-95,2053,311209
Male,95+,2053,30944
Female,95+,2053,66782
TOTAL,95+,2053,97726
Male,TOTAL,2053,8750608
Female,TOTAL,2053,9010757
TOTAL,TOTAL,2053,17761366
Male,00-05,2054,479354
Female,00-05,2054,456191
TOTAL,00-05,2054,935544
Male,05-10,2054,474955
Female,05-10,2054,451563
TOTAL,05-10,2054,926519
Male,10-15,2054,477372
Female,10-15,2054,453899
TOTAL,10-15,2054,931271
Male,15-20,2054,493054
Female,15-20,2054,469311
TOTAL,15-20,2054,962365
Male,20-25,2054,526906
Female,20-25,2054,513386
TOTAL,20-25,2054,1040291
Male,25-30,2054,549861
Female,25-30,2054,540480
TOTAL,25-30,2054,1090340
Male,30-35,2054,546678
Female,30-35,2054,540500
TOTAL,30-35,2054,1087178
Male,35-40,2054,530911
Female,35-40,2054,529616
TOTAL,35-40,2054,1060527
Male,40-45,2054,525048
Female,40-45,2054,527211
TOTAL,40-45,2054,1052259
Male,45-50,2054,528440
Female,45-50,2054,532432
TOTAL,45-50,2054,1060873
Male,50-55,2054,552578
Female,50-55,2054,558478
TOTAL,50-55,2054,1111056
Male,55-60,2054,522977
Female,55-60,2054,531282
TOTAL,55-60,2054,1054259
Male,60-65,2054,510144
Female,60-65,2054,523009
TOTAL,60-65,2054,1033153
Male,65-70,2054,462584
Female,65-70,2054,480981
TOTAL,65-70,2054,943565
Male,70-75,2054,414780
Female,70-75,2054,443867
TOTAL,70-75,2054,858647
Male,75-80,2054,372888
Female,75-80,2054,414679
TOTAL,75-80,2054,787567
Male,80-85,2054,362216
Female,80-85,2054,432901
TOTAL,80-85,2054,795117
Male,85-90,2054,261786
Female,85-90,2054,343972
TOTAL,85-90,2054,605758
Male,90-95,2054,123690
Female,90-95,2054,195149
TOTAL,90-95,2054,318839
Male,95+,2054,31868
Female,95+,2054,68584
TOTAL,95+,2054,100452
Male,TOTAL,2054,8748088
Female,TOTAL,2054,9007491
TOTAL,TOTAL,2054,17755580
Male,00-05,2055,480903
Female,00-05,2055,457653
TOTAL,00-05,2055,938556
Male,05-10,2055,476029
Female,05-10,2055,452572
TOTAL,05-10,2055,928601
Male,10-15,2055,476607
Female,10-15,2055,453137
TOTAL,10-15,2055,929744
Male,15-20,2055,490818
Female,15-20,2055,467158
TOTAL,15-20,2055,957976
Male,20-25,2055,525791
Female,20-25,2055,512286
TOTAL,20-25,2055,1038077
Male,25-30,2055,550588
Female,25-30,2055,541212
TOTAL,25-30,2055,1091800
Male,30-35,2055,548995
Female,30-35,2055,542775
TOTAL,30-35,2055,1091770
Male,35-40,2055,533587
Female,35-40,2055,532203
TOTAL,35-40,2055,1065790
Male,40-45,2055,523795
Female,40-45,2055,525801
TOTAL,40-45,2055,1049596
Male,45-50,2055,525395
Female,45-50,2055,529313
TOTAL,45-50,2055,1054708
Male,50-55,2055,549058
Female,50-55,2055,555790
TOTAL,50-55,2055,1104848
Male,55-60,2055,525311
Female,55-60,2055,533426
TOTAL,55-60,2055,1058737
Male,60-65,2055,512885
Female,60-65,2055,525358
TOTAL,60-65,2055,1038242
Male,65-70,2055,468120
Female,65-70,2055,487102
TOTAL,65-70,2055,955221
Male,70-75,2055,416325
Female,70-75,2055,444892
TOTAL,70-75,2055,861217
Male,75-80,2055,370284
Female,75-80,2055,411221
TOTAL,75-80,2055,781505
Male,80-85,2055,347315
Female,80-85,2055,415480
TOTAL,80-85,2055,762795
Male,85-90,2055,264580
Female,85-90,2055,347107
TOTAL,85-90,2055,611687
Male,90-95,2055,126820
Female,90-95,2055,199279
TOTAL,90-95,2055,326100
Male,95+,2055,32916
Female,95+,2055,70679
TOTAL,95+,2055,103596
Male,TOTAL,2055,8746122
Female,TOTAL,2055,9004442
TOTAL,TOTAL,2055,17750564
Male,00-05,2056,482361
Female,00-05,2056,459031
TOTAL,00-05,2056,941392
Male,05-10,2056,477331
Female,05-10,2056,453797
TOTAL,05-10,2056,931129
Male,10-15,2056,476253
Female,10-15,2056,452763
TOTAL,10-15,2056,929016
Male,15-20,2056,488732
Female,15-20,2056,465147
TOTAL,15-20,2056,953879
Male,20-25,2056,524265
Female,20-25,2056,510786
TOTAL,20-25,2056,1035051
Male,25-30,2056,551010
Female,25-30,2056,541660
TOTAL,25-30,2056,1092670
Male,30-35,2056,550960
Female,30-35,2056,544711
TOTAL,30-35,2056,1095670
Male,35-40,2056,536484
Female,35-40,2056,535026
TOTAL,35-40,2056,1071511
Male,40-45,2056,523741
Female,40-45,2056,525767
TOTAL,40-45,2056,1049508
Male,45-50,2056,523827
Female,45-50,2056,527860
TOTAL,45-50,2056,1051687
Male,50-55,2056,541662
Female,50-55,2056,547916
TOTAL,50-55,2056,1089577
Male,55-60,2056,531223
Female,55-60,2056,540028
TOTAL,55-60,2056,1071251
Male,60-65,2056,509949
Female,60-65,2056,522736
TOTAL,60-65,2056,1032685
Male,65-70,2056,476040
Female,65-70,2056,494518
TOTAL,65-70,2056,970558
Male,70-75,2056,416881
Female,70-75,2056,445212
TOTAL,70-75,2056,862093
Male,75-80,2056,372761
Female,75-80,2056,413382
TOTAL,75-80,2056,786144
Male,80-85,2056,332183
Female,80-85,2056,397294
TOTAL,80-85,2056,729478
Male,85-90,2056,266278
Female,85-90,2056,349537
TOTAL,85-90,2056,615815
Male,90-95,2056,128987
Female,90-95,2056,201991
TOTAL,90-95,2056,330979
Male,95+,2056,33863
Female,95+,2056,72522
TOTAL,95+,2056,106384
Male,TOTAL,2056,8744792
Female,TOTAL,2056,9001684
TOTAL,TOTAL,2056,17746476
Male,00-05,2057,483688
Female,00-05,2057,460279
TOTAL,00-05,2057,943967
Male,05-10,2057,478792
Female,05-10,2057,455172
TOTAL,05-10,2057,933965
Male,10-15,2057,476308
Female,10-15,2057,452781
TOTAL,10-15,2057,929088
Male,15-20,2057,486897
Female,15-20,2057,463362
TOTAL,15-20,2057,950260
Male,20-25,2057,522385
Female,20-25,2057,508968
TOTAL,20-25,2057,1031353
Male,25-30,2057,551158
Female,25-30,2057,541827
TOTAL,25-30,2057,1092985
Male,30-35,2057,552607
Female,30-35,2057,546346
TOTAL,30-35,2057,1098953
Male,35-40,2057,539402
Female,35-40,2057,537883
TOTAL,35-40,2057,1077285
Male,40-45,2057,524689
Female,40-45,2057,526684
TOTAL,40-45,2057,1051373
Male,45-50,2057,522467
Female,45-50,2057,526908
TOTAL,45-50,2057,1049376
Male,50-55,2057,534653
Female,50-55,2057,540517
TOTAL,50-55,2057,1075169
Male,55-60,2057,535675
Female,55-60,2057,545664
TOTAL,55-60,2057,1081339
Male,60-65,2057,507449
Female,60-65,2057,519153
TOTAL,60-65,2057,1026602
Male,65-70,2057,481660
Female,65-70,2057,499859
TOTAL,65-70,2057,981519
Male,70-75,2057,420741
Female,70-75,2057,448755
TOTAL,70-75,2057,869496
Male,75-80,2057,374134
Female,75-80,2057,415678
TOTAL,75-80,2057,789812
Male,80-85,2057,320362
Female,80-85,2057,382138
TOTAL,80-85,2057,702500
Male,85-90,2057,266134
Female,85-90,2057,349492
TOTAL,85-90,2057,615626
Male,90-95,2057,130015
Female,90-95,2057,203105
TOTAL,90-95,2057,333120
Male,95+,2057,34968
Female,95+,2057,74746
TOTAL,95+,2057,109714
Male,TOTAL,2057,8744183
Female,TOTAL,2057,8999319
TOTAL,TOTAL,2057,17743502
Male,00-05,2058,484846
Female,00-05,2058,461364
TOTAL,00-05,2058,946211
Male,05-10,2058,480336
Female,05-10,2058,456634
TOTAL,05-10,2058,936970
Male,10-15,2058,476751
Female,10-15,2058,453162
TOTAL,10-15,2058,929912
Male,15-20,2058,485363
Female,15-20,2058,461869
TOTAL,15-20,2058,947232
Male,20-25,2058,520294
Female,20-25,2058,506944
TOTAL,20-25,2058,1027238
Male,25-30,2058,550912
Female,25-30,2058,541632
TOTAL,25-30,2058,1092544
Male,30-35,2058,553915
Female,30-35,2058,547648
TOTAL,30-35,2058,1101563
Male,35-40,2058,542229
Female,35-40,2058,540657
TOTAL,35-40,2058,1082886
Male,40-45,2058,526434
Female,40-45,2058,528391
TOTAL,40-45,2058,1054825
Male,45-50,2058,522662
Female,45-50,2058,526732
TOTAL,45-50,2058,1049394
Male,50-55,2058,526476
Female,50-55,2058,532983
TOTAL,50-55,2058,1059460
Male,55-60,2058,539480
Female,55-60,2058,548920
TOTAL,55-60,2058,1088400
Male,60-65,2058,505789
Female,60-65,2058,518254
TOTAL,60-65,2058,1024043
Male,65-70,2058,485110
Female,65-70,2058,503849
TOTAL,65-70,2058,988960
Male,70-75,2058,427534
Female,70-75,2058,454849
TOTAL,70-75,2058,882383
Male,75-80,2058,374913
Female,75-80,2058,416108
TOTAL,75-80,2058,791021
Male,80-85,2058,311435
Female,80-85,2058,370116
TOTAL,80-85,2058,681550
Male,85-90,2058,263067
Female,85-90,2058,346688
TOTAL,85-90,2058,609754
Male,90-95,2058,130785
Female,90-95,2058,203859
TOTAL,90-95,2058,334644
Male,95+,2058,35981
Female,95+,2058,76762
TOTAL,95+,2058,112743
Male,TOTAL,2058,8744312
Female,TOTAL,2058,8997420
TOTAL,TOTAL,2058,17741732
Male,00-05,2059,485807
Female,00-05,2059,462257
TOTAL,00-05,2059,948064
Male,05-10,2059,481908
Female,05-10,2059,458115
TOTAL,05-10,2059,940024
Male,10-15,2059,477537
Female,10-15,2059,453874
TOTAL,10-15,2059,931411
Male,15-20,2059,484200
Female,15-20,2059,460731
TOTAL,15-20,2059,944931
Male,20-25,2059,518100
Female,20-25,2059,504825
TOTAL,20-25,2059,1022925
Male,25-30,2059,550278
Female,25-30,2059,541037
TOTAL,25-30,2059,1091314
Male,30-35,2059,554900
Female,30-35,2059,548643
TOTAL,30-35,2059,1103543
Male,35-40,2059,544803
Female,35-40,2059,543198
TOTAL,35-40,2059,1088001
Male,40-45,2059,528688
Female,40-45,2059,530596
TOTAL,40-45,2059,1059284
Male,45-50,2059,521187
Female,45-50,2059,525701
TOTAL,45-50,2059,1046888
Male,50-55,2059,520516
Female,50-55,2059,526833
TOTAL,50-55,2059,1047349
Male,55-60,2059,539913
Female,55-60,2059,549385
TOTAL,55-60,2059,1089298
Male,60-65,2059,507706
Female,60-65,2059,520046
TOTAL,60-65,2059,1027751
Male,65-70,2059,488316
Female,65-70,2059,507305
TOTAL,65-70,2059,995621
Male,70-75,2059,434253
Female,70-75,2059,461424
TOTAL,70-75,2059,895677
Male,75-80,2059,374520
Female,75-80,2059,415231
TOTAL,75-80,2059,789750
Male,80-85,2059,308008
Female,80-85,2059,365203
TOTAL,80-85,2059,673211
Male,85-90,2059,255992
Female,85-90,2059,337957
TOTAL,85-90,2059,593949
Male,90-95,2059,131519
Female,90-95,2059,204902
TOTAL,90-95,2059,336421
Male,95+,2059,37085
Female,95+,2059,78780
TOTAL,95+,2059,115865
Male,TOTAL,2059,8745235
Female,TOTAL,2059,8996044
TOTAL,TOTAL,2059,17741278
Male,00-05,2060,486544
Female,00-05,2060,462941
TOTAL,00-05,2060,949485
Male,05-10,2060,483449
Female,05-10,2060,459559
TOTAL,05-10,2060,943008
Male,10-15,2060,478610
Female,10-15,2060,454864
TOTAL,10-15,2060,933474
Male,15-20,2060,483438
Female,15-20,2060,459966
TOTAL,15-20,2060,943404
Male,20-25,2060,515926
Female,20-25,2060,502747
TOTAL,20-25,2060,1018673
Male,25-30,2060,549227
Female,25-30,2060,540024
TOTAL,25-30,2060,1089252
Male,30-35,2060,555620
Female,30-35,2060,549367
TOTAL,30-35,2060,1104987
Male,35-40,2060,547061
Female,35-40,2060,545439
TOTAL,35-40,2060,1092499
Male,40-45,2060,531316
Female,40-45,2060,533158
TOTAL,40-45,2060,1064474
Male,45-50,2060,519971
Female,45-50,2060,524328
TOTAL,45-50,2060,1044299
Male,50-55,2060,517555
Female,50-55,2060,523787
TOTAL,50-55,2060,1041341
Male,55-60,2060,536496
Female,55-60,2060,546775
TOTAL,55-60,2060,1083271
Male,60-65,2060,510060
Female,60-65,2060,522226
TOTAL,60-65,2060,1032286
Male,65-70,2060,491083
Female,65-70,2060,509700
TOTAL,65-70,2060,1000783
Male,70-75,2060,439695
Female,70-75,2060,467493
TOTAL,70-75,2060,907188
Male,75-80,2060,376261
Female,75-80,2060,416401
TOTAL,75-80,2060,792662
Male,80-85,2060,306516
Female,80-85,2060,362687
TOTAL,80-85,2060,669203
Male,85-90,2060,246084
Female,85-90,2060,324921
TOTAL,85-90,2060,571005
Male,90-95,2060,133883
Female,90-95,2060,208042
TOTAL,90-95,2060,341925
Male,95+,2060,38161
Female,95+,2060,80842
TOTAL,95+,2060,119003
Male,TOTAL,2060,8746956
Female,TOTAL,2060,8995266
TOTAL,TOTAL,2060,17742222
